State,Year,GDP,,,,,,,,,,,,,,,,,,,,,,,,,,,,,,,,,
Alabama,1990,71610,,,,,,,,,,,,,,,,,,,,,,,,,,,,,,,,,
Alabama,1991,76043.3,,,,,,,,,,,,,,,,,,,,,,,,,,,,,,,,,
Alabama,1992,81260.1,,,,,,,,,,,,,,,,,,,,,,,,,,,,,,,,,
Alabama,1993,84562.8,,,,,,,,,,,,,,,,,,,,,,,,,,,,,,,,,
Alabama,1994,90098.5,,,,,,,,,,,,,,,,,,,,,,,,,,,,,,,,,
Alabama,1995,95819.1,,,,,,,,,,,,,,,,,,,,,,,,,,,,,,,,,
Alabama,1996,100145.9,,,,,,,,,,,,,,,,,,,,,,,,,,,,,,,,,
Alabama,1997,104805.2,,,,,,,,,,,,,,,,,,,,,,,,,,,,,,,,,
Alabama,1998,109404.3,,,,,,,,,,,,,,,,,,,,,,,,,,,,,,,,,
Alabama,1999,115030.9,,,,,,,,,,,,,,,,,,,,,,,,,,,,,,,,,
Alabama,2000,119242.4,,,,,,,,,,,,,,,,,,,,,,,,,,,,,,,,,
Alabama,2001,122449.3,,,,,,,,,,,,,,,,,,,,,,,,,,,,,,,,,
Alabama,2002,127792.3,,,,,,,,,,,,,,,,,,,,,,,,,,,,,,,,,
Alabama,2003,133739.2,,,,,,,,,,,,,,,,,,,,,,,,,,,,,,,,,
Alabama,2004,146524.7,,,,,,,,,,,,,,,,,,,,,,,,,,,,,,,,,
Alabama,2005,155970.4,,,,,,,,,,,,,,,,,,,,,,,,,,,,,,,,,
Alabama,2006,163853.6,,,,,,,,,,,,,,,,,,,,,,,,,,,,,,,,,
Alabama,2007,169678.4,,,,,,,,,,,,,,,,,,,,,,,,,,,,,,,,,
Alabama,2008,172686.8,,,,,,,,,,,,,,,,,,,,,,,,,,,,,,,,,
Alabama,2009,168348,,,,,,,,,,,,,,,,,,,,,,,,,,,,,,,,,
Alabama,2010,174753,,,,,,,,,,,,,,,,,,,,,,,,,,,,,,,,,
Alabama,2011,181349.8,,,,,,,,,,,,,,,,,,,,,,,,,,,,,,,,,
Alabama,2012,186299,,,,,,,,,,,,,,,,,,,,,,,,,,,,,,,,,
Alabama,2013,191481,,,,,,,,,,,,,,,,,,,,,,,,,,,,,,,,,
Alabama,2014,194211,,,,,,,,,,,,,,,,,,,,,,,,,,,,,,,,,
Alabama,2015,200402.7,,,,,,,,,,,,,,,,,,,,,,,,,,,,,,,,,
Alabama,2016,203829.8,,,,,,,,,,,,,,,,,,,,,,,,,,,,,,,,,
Alabama,2017,210364.4,,,,,,,,,,,,,,,,,,,,,,,,,,,,,,,,,
Alabama,2018,221735.5,,,,,,,,,,,,,,,,,,,,,,,,,,,,,,,,,
Alaska,1990,25039.5,,,,,,,,,,,,,,,,,,,,,,,,,,,,,,,,,
Alaska,1991,22282.5,,,,,,,,,,,,,,,,,,,,,,,,,,,,,,,,,
Alaska,1992,22752.8,,,,,,,,,,,,,,,,,,,,,,,,,,,,,,,,,
Alaska,1993,23284.2,,,,,,,,,,,,,,,,,,,,,,,,,,,,,,,,,
Alaska,1994,23604.7,,,,,,,,,,,,,,,,,,,,,,,,,,,,,,,,,
Alaska,1995,25448.8,,,,,,,,,,,,,,,,,,,,,,,,,,,,,,,,,
Alaska,1996,26736.9,,,,,,,,,,,,,,,,,,,,,,,,,,,,,,,,,
Alaska,1997,27581.3,,,,,,,,,,,,,,,,,,,,,,,,,,,,,,,,,
Alaska,1998,24170.4,,,,,,,,,,,,,,,,,,,,,,,,,,,,,,,,,
Alaska,1999,24732.6,,,,,,,,,,,,,,,,,,,,,,,,,,,,,,,,,
Alaska,2000,26778.3,,,,,,,,,,,,,,,,,,,,,,,,,,,,,,,,,
Alaska,2001,28420.4,,,,,,,,,,,,,,,,,,,,,,,,,,,,,,,,,
Alaska,2002,29605.3,,,,,,,,,,,,,,,,,,,,,,,,,,,,,,,,,
Alaska,2003,31799.7,,,,,,,,,,,,,,,,,,,,,,,,,,,,,,,,,
Alaska,2004,34970.7,,,,,,,,,,,,,,,,,,,,,,,,,,,,,,,,,
Alaska,2005,39774.8,,,,,,,,,,,,,,,,,,,,,,,,,,,,,,,,,
Alaska,2006,44435.3,,,,,,,,,,,,,,,,,,,,,,,,,,,,,,,,,
Alaska,2007,48972.6,,,,,,,,,,,,,,,,,,,,,,,,,,,,,,,,,
Alaska,2008,54752.4,,,,,,,,,,,,,,,,,,,,,,,,,,,,,,,,,
Alaska,2009,49585.9,,,,,,,,,,,,,,,,,,,,,,,,,,,,,,,,,
Alaska,2010,52882.5,,,,,,,,,,,,,,,,,,,,,,,,,,,,,,,,,
Alaska,2011,56259.9,,,,,,,,,,,,,,,,,,,,,,,,,,,,,,,,,
Alaska,2012,57670.1,,,,,,,,,,,,,,,,,,,,,,,,,,,,,,,,,
Alaska,2013,56622.8,,,,,,,,,,,,,,,,,,,,,,,,,,,,,,,,,
Alaska,2014,55523.4,,,,,,,,,,,,,,,,,,,,,,,,,,,,,,,,,
Alaska,2015,50641.6,,,,,,,,,,,,,,,,,,,,,,,,,,,,,,,,,
Alaska,2016,49363.4,,,,,,,,,,,,,,,,,,,,,,,,,,,,,,,,,
Alaska,2017,51803.1,,,,,,,,,,,,,,,,,,,,,,,,,,,,,,,,,
Alaska,2018,54734.1,,,,,,,,,,,,,,,,,,,,,,,,,,,,,,,,,
Arizona,1990,70631.7,,,,,,,,,,,,,,,,,,,,,,,,,,,,,,,,,
Arizona,1991,73358.3,,,,,,,,,,,,,,,,,,,,,,,,,,,,,,,,,
Arizona,1992,82682.2,,,,,,,,,,,,,,,,,,,,,,,,,,,,,,,,,
Arizona,1993,89299.8,,,,,,,,,,,,,,,,,,,,,,,,,,,,,,,,,
Arizona,1994,100374.2,,,,,,,,,,,,,,,,,,,,,,,,,,,,,,,,,
Arizona,1995,109905.7,,,,,,,,,,,,,,,,,,,,,,,,,,,,,,,,,
Arizona,1996,119530.2,,,,,,,,,,,,,,,,,,,,,,,,,,,,,,,,,
Arizona,1997,129279.1,,,,,,,,,,,,,,,,,,,,,,,,,,,,,,,,,
Arizona,1998,143392.4,,,,,,,,,,,,,,,,,,,,,,,,,,,,,,,,,
Arizona,1999,155344.5,,,,,,,,,,,,,,,,,,,,,,,,,,,,,,,,,
Arizona,2000,164611.6,,,,,,,,,,,,,,,,,,,,,,,,,,,,,,,,,
Arizona,2001,171474.2,,,,,,,,,,,,,,,,,,,,,,,,,,,,,,,,,
Arizona,2002,179413.3,,,,,,,,,,,,,,,,,,,,,,,,,,,,,,,,,
Arizona,2003,192751.2,,,,,,,,,,,,,,,,,,,,,,,,,,,,,,,,,
Arizona,2004,205420.8,,,,,,,,,,,,,,,,,,,,,,,,,,,,,,,,,
Arizona,2005,228231.2,,,,,,,,,,,,,,,,,,,,,,,,,,,,,,,,,
Arizona,2006,248230.7,,,,,,,,,,,,,,,,,,,,,,,,,,,,,,,,,
Arizona,2007,262322,,,,,,,,,,,,,,,,,,,,,,,,,,,,,,,,,
Arizona,2008,259366.7,,,,,,,,,,,,,,,,,,,,,,,,,,,,,,,,,
Arizona,2009,243929.4,,,,,,,,,,,,,,,,,,,,,,,,,,,,,,,,,
Arizona,2010,248210,,,,,,,,,,,,,,,,,,,,,,,,,,,,,,,,,
Arizona,2011,257947.8,,,,,,,,,,,,,,,,,,,,,,,,,,,,,,,,,
Arizona,2012,268288.8,,,,,,,,,,,,,,,,,,,,,,,,,,,,,,,,,
Arizona,2013,275199.1,,,,,,,,,,,,,,,,,,,,,,,,,,,,,,,,,
Arizona,2014,284430,,,,,,,,,,,,,,,,,,,,,,,,,,,,,,,,,
Arizona,2015,297141.2,,,,,,,,,,,,,,,,,,,,,,,,,,,,,,,,,
Arizona,2016,311091,,,,,,,,,,,,,,,,,,,,,,,,,,,,,,,,,
Arizona,2017,327495.8,,,,,,,,,,,,,,,,,,,,,,,,,,,,,,,,,
Arizona,2018,348297.1,,,,,,,,,,,,,,,,,,,,,,,,,,,,,,,,,
Arkansas,1990,38679.8,,,,,,,,,,,,,,,,,,,,,,,,,,,,,,,,,
Arkansas,1991,41571.7,,,,,,,,,,,,,,,,,,,,,,,,,,,,,,,,,
Arkansas,1992,45017.8,,,,,,,,,,,,,,,,,,,,,,,,,,,,,,,,,
Arkansas,1993,47566,,,,,,,,,,,,,,,,,,,,,,,,,,,,,,,,,
Arkansas,1994,51415.9,,,,,,,,,,,,,,,,,,,,,,,,,,,,,,,,,
Arkansas,1995,54611.8,,,,,,,,,,,,,,,,,,,,,,,,,,,,,,,,,
Arkansas,1996,57976.4,,,,,,,,,,,,,,,,,,,,,,,,,,,,,,,,,
Arkansas,1997,60332.9,,,,,,,,,,,,,,,,,,,,,,,,,,,,,,,,,
Arkansas,1998,62442.5,,,,,,,,,,,,,,,,,,,,,,,,,,,,,,,,,
Arkansas,1999,66816.7,,,,,,,,,,,,,,,,,,,,,,,,,,,,,,,,,
Arkansas,2000,68770,,,,,,,,,,,,,,,,,,,,,,,,,,,,,,,,,
Arkansas,2001,70601.4,,,,,,,,,,,,,,,,,,,,,,,,,,,,,,,,,
Arkansas,2002,73950.4,,,,,,,,,,,,,,,,,,,,,,,,,,,,,,,,,
Arkansas,2003,78218.8,,,,,,,,,,,,,,,,,,,,,,,,,,,,,,,,,
Arkansas,2004,84624.5,,,,,,,,,,,,,,,,,,,,,,,,,,,,,,,,,
Arkansas,2005,89610,,,,,,,,,,,,,,,,,,,,,,,,,,,,,,,,,
Arkansas,2006,94384.5,,,,,,,,,,,,,,,,,,,,,,,,,,,,,,,,,
Arkansas,2007,96948.2,,,,,,,,,,,,,,,,,,,,,,,,,,,,,,,,,
Arkansas,2008,98955.3,,,,,,,,,,,,,,,,,,,,,,,,,,,,,,,,,
Arkansas,2009,97058.9,,,,,,,,,,,,,,,,,,,,,,,,,,,,,,,,,
Arkansas,2010,101690,,,,,,,,,,,,,,,,,,,,,,,,,,,,,,,,,
Arkansas,2011,106085.4,,,,,,,,,,,,,,,,,,,,,,,,,,,,,,,,,
Arkansas,2012,108745.2,,,,,,,,,,,,,,,,,,,,,,,,,,,,,,,,,
Arkansas,2013,114251.5,,,,,,,,,,,,,,,,,,,,,,,,,,,,,,,,,
Arkansas,2014,117336.7,,,,,,,,,,,,,,,,,,,,,,,,,,,,,,,,,
Arkansas,2015,118761.2,,,,,,,,,,,,,,,,,,,,,,,,,,,,,,,,,
Arkansas,2016,120374.8,,,,,,,,,,,,,,,,,,,,,,,,,,,,,,,,,
Arkansas,2017,123383.1,,,,,,,,,,,,,,,,,,,,,,,,,,,,,,,,,
Arkansas,2018,128418.9,,,,,,,,,,,,,,,,,,,,,,,,,,,,,,,,,
California,1990,773460,,,,,,,,,,,,,,,,,,,,,,,,,,,,,,,,,
California,1991,790045.6,,,,,,,,,,,,,,,,,,,,,,,,,,,,,,,,,
California,1992,807358.4,,,,,,,,,,,,,,,,,,,,,,,,,,,,,,,,,
California,1993,826446.9,,,,,,,,,,,,,,,,,,,,,,,,,,,,,,,,,
California,1994,861360,,,,,,,,,,,,,,,,,,,,,,,,,,,,,,,,,
California,1995,911576.8,,,,,,,,,,,,,,,,,,,,,,,,,,,,,,,,,
California,1996,964185.5,,,,,,,,,,,,,,,,,,,,,,,,,,,,,,,,,
California,1997,1037091.2,,,,,,,,,,,,,,,,,,,,,,,,,,,,,,,,,
California,1998,1147841.6,,,,,,,,,,,,,,,,,,,,,,,,,,,,,,,,,
California,1999,1247093,,,,,,,,,,,,,,,,,,,,,,,,,,,,,,,,,
California,2000,1366561,,,,,,,,,,,,,,,,,,,,,,,,,,,,,,,,,
California,2001,1384111.2,,,,,,,,,,,,,,,,,,,,,,,,,,,,,,,,,
California,2002,1436430.9,,,,,,,,,,,,,,,,,,,,,,,,,,,,,,,,,
California,2003,1527294,,,,,,,,,,,,,,,,,,,,,,,,,,,,,,,,,
California,2004,1632216.9,,,,,,,,,,,,,,,,,,,,,,,,,,,,,,,,,
California,2005,1753866.2,,,,,,,,,,,,,,,,,,,,,,,,,,,,,,,,,
California,2006,1874737.3,,,,,,,,,,,,,,,,,,,,,,,,,,,,,,,,,
California,2007,1955856,,,,,,,,,,,,,,,,,,,,,,,,,,,,,,,,,
California,2008,1990678.2,,,,,,,,,,,,,,,,,,,,,,,,,,,,,,,,,
California,2009,1920061.8,,,,,,,,,,,,,,,,,,,,,,,,,,,,,,,,,
California,2010,1974614.5,,,,,,,,,,,,,,,,,,,,,,,,,,,,,,,,,
California,2011,2050056.8,,,,,,,,,,,,,,,,,,,,,,,,,,,,,,,,,
California,2012,2144497.3,,,,,,,,,,,,,,,,,,,,,,,,,,,,,,,,,
California,2013,2262771.2,,,,,,,,,,,,,,,,,,,,,,,,,,,,,,,,,
California,2014,2395162.3,,,,,,,,,,,,,,,,,,,,,,,,,,,,,,,,,
California,2015,2553772.2,,,,,,,,,,,,,,,,,,,,,,,,,,,,,,,,,
California,2016,2657797.6,,,,,,,,,,,,,,,,,,,,,,,,,,,,,,,,,
California,2017,2819110.7,,,,,,,,,,,,,,,,,,,,,,,,,,,,,,,,,
California,2018,2997732.8,,,,,,,,,,,,,,,,,,,,,,,,,,,,,,,,,
Colorado,1990,75570.5,,,,,,,,,,,,,,,,,,,,,,,,,,,,,,,,,
Colorado,1991,79766.2,,,,,,,,,,,,,,,,,,,,,,,,,,,,,,,,,
Colorado,1992,87302.1,,,,,,,,,,,,,,,,,,,,,,,,,,,,,,,,,
Colorado,1993,95658.7,,,,,,,,,,,,,,,,,,,,,,,,,,,,,,,,,
Colorado,1994,104506.8,,,,,,,,,,,,,,,,,,,,,,,,,,,,,,,,,
Colorado,1995,112707.9,,,,,,,,,,,,,,,,,,,,,,,,,,,,,,,,,
Colorado,1996,121081,,,,,,,,,,,,,,,,,,,,,,,,,,,,,,,,,
Colorado,1997,133203.8,,,,,,,,,,,,,,,,,,,,,,,,,,,,,,,,,
Colorado,1998,150381.7,,,,,,,,,,,,,,,,,,,,,,,,,,,,,,,,,
Colorado,1999,164226.8,,,,,,,,,,,,,,,,,,,,,,,,,,,,,,,,,
Colorado,2000,180605.5,,,,,,,,,,,,,,,,,,,,,,,,,,,,,,,,,
Colorado,2001,187571.9,,,,,,,,,,,,,,,,,,,,,,,,,,,,,,,,,
Colorado,2002,190962.8,,,,,,,,,,,,,,,,,,,,,,,,,,,,,,,,,
Colorado,2003,196483.7,,,,,,,,,,,,,,,,,,,,,,,,,,,,,,,,,
Colorado,2004,203980.2,,,,,,,,,,,,,,,,,,,,,,,,,,,,,,,,,
Colorado,2005,219907.9,,,,,,,,,,,,,,,,,,,,,,,,,,,,,,,,,
Colorado,2006,231205.9,,,,,,,,,,,,,,,,,,,,,,,,,,,,,,,,,
Colorado,2007,246043.5,,,,,,,,,,,,,,,,,,,,,,,,,,,,,,,,,
Colorado,2008,255566.8,,,,,,,,,,,,,,,,,,,,,,,,,,,,,,,,,
Colorado,2009,248593.6,,,,,,,,,,,,,,,,,,,,,,,,,,,,,,,,,
Colorado,2010,255140.5,,,,,,,,,,,,,,,,,,,,,,,,,,,,,,,,,
Colorado,2011,264431.6,,,,,,,,,,,,,,,,,,,,,,,,,,,,,,,,,
Colorado,2012,273519.5,,,,,,,,,,,,,,,,,,,,,,,,,,,,,,,,,
Colorado,2013,288305.2,,,,,,,,,,,,,,,,,,,,,,,,,,,,,,,,,
Colorado,2014,306571.1,,,,,,,,,,,,,,,,,,,,,,,,,,,,,,,,,
Colorado,2015,318554.9,,,,,,,,,,,,,,,,,,,,,,,,,,,,,,,,,
Colorado,2016,329368.3,,,,,,,,,,,,,,,,,,,,,,,,,,,,,,,,,
Colorado,2017,350004.4,,,,,,,,,,,,,,,,,,,,,,,,,,,,,,,,,
Colorado,2018,371749.6,,,,,,,,,,,,,,,,,,,,,,,,,,,,,,,,,
Connecticut,1990,100169,,,,,,,,,,,,,,,,,,,,,,,,,,,,,,,,,
Connecticut,1991,101474.7,,,,,,,,,,,,,,,,,,,,,,,,,,,,,,,,,
Connecticut,1992,105758.8,,,,,,,,,,,,,,,,,,,,,,,,,,,,,,,,,
Connecticut,1993,107680,,,,,,,,,,,,,,,,,,,,,,,,,,,,,,,,,
Connecticut,1994,113115.1,,,,,,,,,,,,,,,,,,,,,,,,,,,,,,,,,
Connecticut,1995,123212.2,,,,,,,,,,,,,,,,,,,,,,,,,,,,,,,,,
Connecticut,1996,129111.3,,,,,,,,,,,,,,,,,,,,,,,,,,,,,,,,,
Connecticut,1997,140279.6,,,,,,,,,,,,,,,,,,,,,,,,,,,,,,,,,
Connecticut,1998,145495.4,,,,,,,,,,,,,,,,,,,,,,,,,,,,,,,,,
Connecticut,1999,152338.1,,,,,,,,,,,,,,,,,,,,,,,,,,,,,,,,,
Connecticut,2000,165898.7,,,,,,,,,,,,,,,,,,,,,,,,,,,,,,,,,
Connecticut,2001,173127.2,,,,,,,,,,,,,,,,,,,,,,,,,,,,,,,,,
Connecticut,2002,176208.2,,,,,,,,,,,,,,,,,,,,,,,,,,,,,,,,,
Connecticut,2003,181339.7,,,,,,,,,,,,,,,,,,,,,,,,,,,,,,,,,
Connecticut,2004,198662.4,,,,,,,,,,,,,,,,,,,,,,,,,,,,,,,,,
Connecticut,2005,208766.2,,,,,,,,,,,,,,,,,,,,,,,,,,,,,,,,,
Connecticut,2006,222889.1,,,,,,,,,,,,,,,,,,,,,,,,,,,,,,,,,
Connecticut,2007,237542.7,,,,,,,,,,,,,,,,,,,,,,,,,,,,,,,,,
Connecticut,2008,240910.9,,,,,,,,,,,,,,,,,,,,,,,,,,,,,,,,,
Connecticut,2009,236393.2,,,,,,,,,,,,,,,,,,,,,,,,,,,,,,,,,
Connecticut,2010,237653.4,,,,,,,,,,,,,,,,,,,,,,,,,,,,,,,,,
Connecticut,2011,236523.7,,,,,,,,,,,,,,,,,,,,,,,,,,,,,,,,,
Connecticut,2012,243801,,,,,,,,,,,,,,,,,,,,,,,,,,,,,,,,,
Connecticut,2013,246632,,,,,,,,,,,,,,,,,,,,,,,,,,,,,,,,,
Connecticut,2014,248865.2,,,,,,,,,,,,,,,,,,,,,,,,,,,,,,,,,
Connecticut,2015,260072.6,,,,,,,,,,,,,,,,,,,,,,,,,,,,,,,,,
Connecticut,2016,263696.4,,,,,,,,,,,,,,,,,,,,,,,,,,,,,,,,,
Connecticut,2017,268310.5,,,,,,,,,,,,,,,,,,,,,,,,,,,,,,,,,
Connecticut,2018,275726.9,,,,,,,,,,,,,,,,,,,,,,,,,,,,,,,,,
Delaware,1990,19928.3,,,,,,,,,,,,,,,,,,,,,,,,,,,,,,,,,
Delaware,1991,21746,,,,,,,,,,,,,,,,,,,,,,,,,,,,,,,,,
Delaware,1992,22907.1,,,,,,,,,,,,,,,,,,,,,,,,,,,,,,,,,
Delaware,1993,23508.6,,,,,,,,,,,,,,,,,,,,,,,,,,,,,,,,,
Delaware,1994,25637.9,,,,,,,,,,,,,,,,,,,,,,,,,,,,,,,,,
Delaware,1995,27720.9,,,,,,,,,,,,,,,,,,,,,,,,,,,,,,,,,
Delaware,1996,29156.5,,,,,,,,,,,,,,,,,,,,,,,,,,,,,,,,,
Delaware,1997,31450.2,,,,,,,,,,,,,,,,,,,,,,,,,,,,,,,,,
Delaware,1998,36783.2,,,,,,,,,,,,,,,,,,,,,,,,,,,,,,,,,
Delaware,1999,40363.6,,,,,,,,,,,,,,,,,,,,,,,,,,,,,,,,,
Delaware,2000,43389.4,,,,,,,,,,,,,,,,,,,,,,,,,,,,,,,,,
Delaware,2001,46448.3,,,,,,,,,,,,,,,,,,,,,,,,,,,,,,,,,
Delaware,2002,45757.9,,,,,,,,,,,,,,,,,,,,,,,,,,,,,,,,,
Delaware,2003,47761.6,,,,,,,,,,,,,,,,,,,,,,,,,,,,,,,,,
Delaware,2004,51449.4,,,,,,,,,,,,,,,,,,,,,,,,,,,,,,,,,
Delaware,2005,52154.1,,,,,,,,,,,,,,,,,,,,,,,,,,,,,,,,,
Delaware,2006,55067.4,,,,,,,,,,,,,,,,,,,,,,,,,,,,,,,,,
Delaware,2007,56278.5,,,,,,,,,,,,,,,,,,,,,,,,,,,,,,,,,
Delaware,2008,54787.5,,,,,,,,,,,,,,,,,,,,,,,,,,,,,,,,,
Delaware,2009,56871.2,,,,,,,,,,,,,,,,,,,,,,,,,,,,,,,,,
Delaware,2010,57447.4,,,,,,,,,,,,,,,,,,,,,,,,,,,,,,,,,
Delaware,2011,60357.4,,,,,,,,,,,,,,,,,,,,,,,,,,,,,,,,,
Delaware,2012,61975.8,,,,,,,,,,,,,,,,,,,,,,,,,,,,,,,,,
Delaware,2013,60666.1,,,,,,,,,,,,,,,,,,,,,,,,,,,,,,,,,
Delaware,2014,66891,,,,,,,,,,,,,,,,,,,,,,,,,,,,,,,,,
Delaware,2015,70969.4,,,,,,,,,,,,,,,,,,,,,,,,,,,,,,,,,
Delaware,2016,69549.7,,,,,,,,,,,,,,,,,,,,,,,,,,,,,,,,,
Delaware,2017,70774.8,,,,,,,,,,,,,,,,,,,,,,,,,,,,,,,,,
Delaware,2018,73481.3,,,,,,,,,,,,,,,,,,,,,,,,,,,,,,,,,
District of Columbia,1990,39688.4,,,,,,,,,,,,,,,,,,,,,,,,,,,,,,,,,
District of Columbia,1991,41430,,,,,,,,,,,,,,,,,,,,,,,,,,,,,,,,,
District of Columbia,1992,43186.5,,,,,,,,,,,,,,,,,,,,,,,,,,,,,,,,,
District of Columbia,1993,45356.2,,,,,,,,,,,,,,,,,,,,,,,,,,,,,,,,,
District of Columbia,1994,46654.8,,,,,,,,,,,,,,,,,,,,,,,,,,,,,,,,,
District of Columbia,1995,47093.9,,,,,,,,,,,,,,,,,,,,,,,,,,,,,,,,,
District of Columbia,1996,47822.9,,,,,,,,,,,,,,,,,,,,,,,,,,,,,,,,,
District of Columbia,1997,49701.8,,,,,,,,,,,,,,,,,,,,,,,,,,,,,,,,,
District of Columbia,1998,54879.8,,,,,,,,,,,,,,,,,,,,,,,,,,,,,,,,,
District of Columbia,1999,58832.1,,,,,,,,,,,,,,,,,,,,,,,,,,,,,,,,,
District of Columbia,2000,61095.5,,,,,,,,,,,,,,,,,,,,,,,,,,,,,,,,,
District of Columbia,2001,65565.9,,,,,,,,,,,,,,,,,,,,,,,,,,,,,,,,,
District of Columbia,2002,70054.7,,,,,,,,,,,,,,,,,,,,,,,,,,,,,,,,,
District of Columbia,2003,74090.3,,,,,,,,,,,,,,,,,,,,,,,,,,,,,,,,,
District of Columbia,2004,80471.3,,,,,,,,,,,,,,,,,,,,,,,,,,,,,,,,,
District of Columbia,2005,85304.9,,,,,,,,,,,,,,,,,,,,,,,,,,,,,,,,,
District of Columbia,2006,88517.2,,,,,,,,,,,,,,,,,,,,,,,,,,,,,,,,,
District of Columbia,2007,93970,,,,,,,,,,,,,,,,,,,,,,,,,,,,,,,,,
District of Columbia,2008,99478.5,,,,,,,,,,,,,,,,,,,,,,,,,,,,,,,,,
District of Columbia,2009,100894.6,,,,,,,,,,,,,,,,,,,,,,,,,,,,,,,,,
District of Columbia,2010,106120.3,,,,,,,,,,,,,,,,,,,,,,,,,,,,,,,,,
District of Columbia,2011,110076.2,,,,,,,,,,,,,,,,,,,,,,,,,,,,,,,,,
District of Columbia,2012,112736.5,,,,,,,,,,,,,,,,,,,,,,,,,,,,,,,,,
District of Columbia,2013,114891,,,,,,,,,,,,,,,,,,,,,,,,,,,,,,,,,
District of Columbia,2014,119841,,,,,,,,,,,,,,,,,,,,,,,,,,,,,,,,,
District of Columbia,2015,125211.9,,,,,,,,,,,,,,,,,,,,,,,,,,,,,,,,,
District of Columbia,2016,129826.1,,,,,,,,,,,,,,,,,,,,,,,,,,,,,,,,,
District of Columbia,2017,134042.7,,,,,,,,,,,,,,,,,,,,,,,,,,,,,,,,,
District of Columbia,2018,140660.9,,,,,,,,,,,,,,,,,,,,,,,,,,,,,,,,,
Florida,1990,256589.3,,,,,,,,,,,,,,,,,,,,,,,,,,,,,,,,,
Florida,1991,267669.1,,,,,,,,,,,,,,,,,,,,,,,,,,,,,,,,,
Florida,1992,284672.6,,,,,,,,,,,,,,,,,,,,,,,,,,,,,,,,,
Florida,1993,304403,,,,,,,,,,,,,,,,,,,,,,,,,,,,,,,,,
Florida,1994,327167.4,,,,,,,,,,,,,,,,,,,,,,,,,,,,,,,,,
Florida,1995,346951.2,,,,,,,,,,,,,,,,,,,,,,,,,,,,,,,,,
Florida,1996,370912.5,,,,,,,,,,,,,,,,,,,,,,,,,,,,,,,,,
Florida,1997,393074.5,,,,,,,,,,,,,,,,,,,,,,,,,,,,,,,,,
Florida,1998,430064.2,,,,,,,,,,,,,,,,,,,,,,,,,,,,,,,,,
Florida,1999,458318.6,,,,,,,,,,,,,,,,,,,,,,,,,,,,,,,,,
Florida,2000,489488.1,,,,,,,,,,,,,,,,,,,,,,,,,,,,,,,,,
Florida,2001,516689.6,,,,,,,,,,,,,,,,,,,,,,,,,,,,,,,,,
Florida,2002,548540.3,,,,,,,,,,,,,,,,,,,,,,,,,,,,,,,,,
Florida,2003,583725.7,,,,,,,,,,,,,,,,,,,,,,,,,,,,,,,,,
Florida,2004,635525.5,,,,,,,,,,,,,,,,,,,,,,,,,,,,,,,,,
Florida,2005,696741.1,,,,,,,,,,,,,,,,,,,,,,,,,,,,,,,,,
Florida,2006,744464.2,,,,,,,,,,,,,,,,,,,,,,,,,,,,,,,,,
Florida,2007,768661,,,,,,,,,,,,,,,,,,,,,,,,,,,,,,,,,
Florida,2008,750501.6,,,,,,,,,,,,,,,,,,,,,,,,,,,,,,,,,
Florida,2009,724582.2,,,,,,,,,,,,,,,,,,,,,,,,,,,,,,,,,
Florida,2010,737791.1,,,,,,,,,,,,,,,,,,,,,,,,,,,,,,,,,
Florida,2011,746787.5,,,,,,,,,,,,,,,,,,,,,,,,,,,,,,,,,
Florida,2012,769309.1,,,,,,,,,,,,,,,,,,,,,,,,,,,,,,,,,
Florida,2013,800704.1,,,,,,,,,,,,,,,,,,,,,,,,,,,,,,,,,
Florida,2014,839484.1,,,,,,,,,,,,,,,,,,,,,,,,,,,,,,,,,
Florida,2015,895146.2,,,,,,,,,,,,,,,,,,,,,,,,,,,,,,,,,
Florida,2016,938774.2,,,,,,,,,,,,,,,,,,,,,,,,,,,,,,,,,
Florida,2017,985665.4,,,,,,,,,,,,,,,,,,,,,,,,,,,,,,,,,
Florida,2018,1039236.4,,,,,,,,,,,,,,,,,,,,,,,,,,,,,,,,,
Georgia,1990,140646.1,,,,,,,,,,,,,,,,,,,,,,,,,,,,,,,,,
Georgia,1991,147759.8,,,,,,,,,,,,,,,,,,,,,,,,,,,,,,,,,
Georgia,1992,160061.8,,,,,,,,,,,,,,,,,,,,,,,,,,,,,,,,,
Georgia,1993,171658.9,,,,,,,,,,,,,,,,,,,,,,,,,,,,,,,,,
Georgia,1994,187995.6,,,,,,,,,,,,,,,,,,,,,,,,,,,,,,,,,
Georgia,1995,203397.1,,,,,,,,,,,,,,,,,,,,,,,,,,,,,,,,,
Georgia,1996,219989,,,,,,,,,,,,,,,,,,,,,,,,,,,,,,,,,
Georgia,1997,235200.1,,,,,,,,,,,,,,,,,,,,,,,,,,,,,,,,,
Georgia,1998,264894.9,,,,,,,,,,,,,,,,,,,,,,,,,,,,,,,,,
Georgia,1999,288994.3,,,,,,,,,,,,,,,,,,,,,,,,,,,,,,,,,
Georgia,2000,307611.6,,,,,,,,,,,,,,,,,,,,,,,,,,,,,,,,,
Georgia,2001,318753,,,,,,,,,,,,,,,,,,,,,,,,,,,,,,,,,
Georgia,2002,326929.6,,,,,,,,,,,,,,,,,,,,,,,,,,,,,,,,,
Georgia,2003,340410.6,,,,,,,,,,,,,,,,,,,,,,,,,,,,,,,,,
Georgia,2004,364255.2,,,,,,,,,,,,,,,,,,,,,,,,,,,,,,,,,
Georgia,2005,386785,,,,,,,,,,,,,,,,,,,,,,,,,,,,,,,,,
Georgia,2006,402144.6,,,,,,,,,,,,,,,,,,,,,,,,,,,,,,,,,
Georgia,2007,415131.9,,,,,,,,,,,,,,,,,,,,,,,,,,,,,,,,,
Georgia,2008,412911.9,,,,,,,,,,,,,,,,,,,,,,,,,,,,,,,,,
Georgia,2009,407024.5,,,,,,,,,,,,,,,,,,,,,,,,,,,,,,,,,
Georgia,2010,416883.8,,,,,,,,,,,,,,,,,,,,,,,,,,,,,,,,,
Georgia,2011,429574,,,,,,,,,,,,,,,,,,,,,,,,,,,,,,,,,
Georgia,2012,444132.2,,,,,,,,,,,,,,,,,,,,,,,,,,,,,,,,,
Georgia,2013,460585.1,,,,,,,,,,,,,,,,,,,,,,,,,,,,,,,,,
Georgia,2014,485816.7,,,,,,,,,,,,,,,,,,,,,,,,,,,,,,,,,
Georgia,2015,513565.6,,,,,,,,,,,,,,,,,,,,,,,,,,,,,,,,,
Georgia,2016,539525.1,,,,,,,,,,,,,,,,,,,,,,,,,,,,,,,,,
Georgia,2017,566473.6,,,,,,,,,,,,,,,,,,,,,,,,,,,,,,,,,
Georgia,2018,592153.4,,,,,,,,,,,,,,,,,,,,,,,,,,,,,,,,,
Hawaii,1990,32534.3,,,,,,,,,,,,,,,,,,,,,,,,,,,,,,,,,
Hawaii,1991,34356.7,,,,,,,,,,,,,,,,,,,,,,,,,,,,,,,,,
Hawaii,1992,36129.5,,,,,,,,,,,,,,,,,,,,,,,,,,,,,,,,,
Hawaii,1993,36732.4,,,,,,,,,,,,,,,,,,,,,,,,,,,,,,,,,
Hawaii,1994,37394.9,,,,,,,,,,,,,,,,,,,,,,,,,,,,,,,,,
Hawaii,1995,37763.1,,,,,,,,,,,,,,,,,,,,,,,,,,,,,,,,,
Hawaii,1996,38124.6,,,,,,,,,,,,,,,,,,,,,,,,,,,,,,,,,
Hawaii,1997,39064.1,,,,,,,,,,,,,,,,,,,,,,,,,,,,,,,,,
Hawaii,1998,37624.4,,,,,,,,,,,,,,,,,,,,,,,,,,,,,,,,,
Hawaii,1999,39250.4,,,,,,,,,,,,,,,,,,,,,,,,,,,,,,,,,
Hawaii,2000,41500.2,,,,,,,,,,,,,,,,,,,,,,,,,,,,,,,,,
Hawaii,2001,42894.3,,,,,,,,,,,,,,,,,,,,,,,,,,,,,,,,,
Hawaii,2002,45447.1,,,,,,,,,,,,,,,,,,,,,,,,,,,,,,,,,
Hawaii,2003,48929.1,,,,,,,,,,,,,,,,,,,,,,,,,,,,,,,,,
Hawaii,2004,53761.8,,,,,,,,,,,,,,,,,,,,,,,,,,,,,,,,,
Hawaii,2005,58667.9,,,,,,,,,,,,,,,,,,,,,,,,,,,,,,,,,
Hawaii,2006,62365,,,,,,,,,,,,,,,,,,,,,,,,,,,,,,,,,
Hawaii,2007,65233.5,,,,,,,,,,,,,,,,,,,,,,,,,,,,,,,,,
Hawaii,2008,66864.7,,,,,,,,,,,,,,,,,,,,,,,,,,,,,,,,,
Hawaii,2009,65692,,,,,,,,,,,,,,,,,,,,,,,,,,,,,,,,,
Hawaii,2010,68196.9,,,,,,,,,,,,,,,,,,,,,,,,,,,,,,,,,
Hawaii,2011,70482.6,,,,,,,,,,,,,,,,,,,,,,,,,,,,,,,,,
Hawaii,2012,73582.7,,,,,,,,,,,,,,,,,,,,,,,,,,,,,,,,,
Hawaii,2013,75788.3,,,,,,,,,,,,,,,,,,,,,,,,,,,,,,,,,
Hawaii,2014,77854.3,,,,,,,,,,,,,,,,,,,,,,,,,,,,,,,,,
Hawaii,2015,82710,,,,,,,,,,,,,,,,,,,,,,,,,,,,,,,,,
Hawaii,2016,85843.8,,,,,,,,,,,,,,,,,,,,,,,,,,,,,,,,,
Hawaii,2017,89428.9,,,,,,,,,,,,,,,,,,,,,,,,,,,,,,,,,
Hawaii,2018,93797.9,,,,,,,,,,,,,,,,,,,,,,,,,,,,,,,,,
Idaho,1990,18004.2,,,,,,,,,,,,,,,,,,,,,,,,,,,,,,,,,
Idaho,1991,18851.7,,,,,,,,,,,,,,,,,,,,,,,,,,,,,,,,,
Idaho,1992,20631.6,,,,,,,,,,,,,,,,,,,,,,,,,,,,,,,,,
Idaho,1993,23099.8,,,,,,,,,,,,,,,,,,,,,,,,,,,,,,,,,
Idaho,1994,25455.5,,,,,,,,,,,,,,,,,,,,,,,,,,,,,,,,,
Idaho,1995,27762.4,,,,,,,,,,,,,,,,,,,,,,,,,,,,,,,,,
Idaho,1996,28914.6,,,,,,,,,,,,,,,,,,,,,,,,,,,,,,,,,
Idaho,1997,30311.7,,,,,,,,,,,,,,,,,,,,,,,,,,,,,,,,,
Idaho,1998,30983.9,,,,,,,,,,,,,,,,,,,,,,,,,,,,,,,,,
Idaho,1999,34138.2,,,,,,,,,,,,,,,,,,,,,,,,,,,,,,,,,
Idaho,2000,37992.8,,,,,,,,,,,,,,,,,,,,,,,,,,,,,,,,,
Idaho,2001,37384.1,,,,,,,,,,,,,,,,,,,,,,,,,,,,,,,,,
Idaho,2002,38715.3,,,,,,,,,,,,,,,,,,,,,,,,,,,,,,,,,
Idaho,2003,40341.8,,,,,,,,,,,,,,,,,,,,,,,,,,,,,,,,,
Idaho,2004,43739,,,,,,,,,,,,,,,,,,,,,,,,,,,,,,,,,
Idaho,2005,47962.9,,,,,,,,,,,,,,,,,,,,,,,,,,,,,,,,,
Idaho,2006,50976.3,,,,,,,,,,,,,,,,,,,,,,,,,,,,,,,,,
Idaho,2007,53852.1,,,,,,,,,,,,,,,,,,,,,,,,,,,,,,,,,
Idaho,2008,55546,,,,,,,,,,,,,,,,,,,,,,,,,,,,,,,,,
Idaho,2009,53775,,,,,,,,,,,,,,,,,,,,,,,,,,,,,,,,,
Idaho,2010,55170.7,,,,,,,,,,,,,,,,,,,,,,,,,,,,,,,,,
Idaho,2011,56488.1,,,,,,,,,,,,,,,,,,,,,,,,,,,,,,,,,
Idaho,2012,57764.4,,,,,,,,,,,,,,,,,,,,,,,,,,,,,,,,,
Idaho,2013,61017.7,,,,,,,,,,,,,,,,,,,,,,,,,,,,,,,,,
Idaho,2014,63521.8,,,,,,,,,,,,,,,,,,,,,,,,,,,,,,,,,
Idaho,2015,66004.3,,,,,,,,,,,,,,,,,,,,,,,,,,,,,,,,,
Idaho,2016,69029.4,,,,,,,,,,,,,,,,,,,,,,,,,,,,,,,,,
Idaho,2017,72723.2,,,,,,,,,,,,,,,,,,,,,,,,,,,,,,,,,
Idaho,2018,77052,,,,,,,,,,,,,,,,,,,,,,,,,,,,,,,,,
Illinois,1990,279019.1,,,,,,,,,,,,,,,,,,,,,,,,,,,,,,,,,
Illinois,1991,288473.5,,,,,,,,,,,,,,,,,,,,,,,,,,,,,,,,,
Illinois,1992,306236.3,,,,,,,,,,,,,,,,,,,,,,,,,,,,,,,,,
Illinois,1993,320078.9,,,,,,,,,,,,,,,,,,,,,,,,,,,,,,,,,
Illinois,1994,347971.5,,,,,,,,,,,,,,,,,,,,,,,,,,,,,,,,,
Illinois,1995,364450.7,,,,,,,,,,,,,,,,,,,,,,,,,,,,,,,,,
Illinois,1996,383504.1,,,,,,,,,,,,,,,,,,,,,,,,,,,,,,,,,
Illinois,1997,408047.8,,,,,,,,,,,,,,,,,,,,,,,,,,,,,,,,,
Illinois,1998,436166.7,,,,,,,,,,,,,,,,,,,,,,,,,,,,,,,,,
Illinois,1999,459322.1,,,,,,,,,,,,,,,,,,,,,,,,,,,,,,,,,
Illinois,2000,487212.7,,,,,,,,,,,,,,,,,,,,,,,,,,,,,,,,,
Illinois,2001,502260.3,,,,,,,,,,,,,,,,,,,,,,,,,,,,,,,,,
Illinois,2002,514063.8,,,,,,,,,,,,,,,,,,,,,,,,,,,,,,,,,
Illinois,2003,529455.4,,,,,,,,,,,,,,,,,,,,,,,,,,,,,,,,,
Illinois,2004,558748.4,,,,,,,,,,,,,,,,,,,,,,,,,,,,,,,,,
Illinois,2005,586693.9,,,,,,,,,,,,,,,,,,,,,,,,,,,,,,,,,
Illinois,2006,621859.9,,,,,,,,,,,,,,,,,,,,,,,,,,,,,,,,,
Illinois,2007,647862.1,,,,,,,,,,,,,,,,,,,,,,,,,,,,,,,,,
Illinois,2008,646366.6,,,,,,,,,,,,,,,,,,,,,,,,,,,,,,,,,
Illinois,2009,644690.1,,,,,,,,,,,,,,,,,,,,,,,,,,,,,,,,,
Illinois,2010,662637.8,,,,,,,,,,,,,,,,,,,,,,,,,,,,,,,,,
Illinois,2011,688288.9,,,,,,,,,,,,,,,,,,,,,,,,,,,,,,,,,
Illinois,2012,720702.3,,,,,,,,,,,,,,,,,,,,,,,,,,,,,,,,,
Illinois,2013,739627.9,,,,,,,,,,,,,,,,,,,,,,,,,,,,,,,,,
Illinois,2014,765347.7,,,,,,,,,,,,,,,,,,,,,,,,,,,,,,,,,
Illinois,2015,792999.4,,,,,,,,,,,,,,,,,,,,,,,,,,,,,,,,,
Illinois,2016,806315.5,,,,,,,,,,,,,,,,,,,,,,,,,,,,,,,,,
Illinois,2017,826817.8,,,,,,,,,,,,,,,,,,,,,,,,,,,,,,,,,
Illinois,2018,865310.4,,,,,,,,,,,,,,,,,,,,,,,,,,,,,,,,,
Indiana,1990,110859.6,,,,,,,,,,,,,,,,,,,,,,,,,,,,,,,,,
Indiana,1991,114637,,,,,,,,,,,,,,,,,,,,,,,,,,,,,,,,,
Indiana,1992,124714.3,,,,,,,,,,,,,,,,,,,,,,,,,,,,,,,,,
Indiana,1993,132108.2,,,,,,,,,,,,,,,,,,,,,,,,,,,,,,,,,
Indiana,1994,143335.2,,,,,,,,,,,,,,,,,,,,,,,,,,,,,,,,,
Indiana,1995,150403.9,,,,,,,,,,,,,,,,,,,,,,,,,,,,,,,,,
Indiana,1996,158350.1,,,,,,,,,,,,,,,,,,,,,,,,,,,,,,,,,
Indiana,1997,167366.3,,,,,,,,,,,,,,,,,,,,,,,,,,,,,,,,,
Indiana,1998,184582.1,,,,,,,,,,,,,,,,,,,,,,,,,,,,,,,,,
Indiana,1999,193100.6,,,,,,,,,,,,,,,,,,,,,,,,,,,,,,,,,
Indiana,2000,203052.9,,,,,,,,,,,,,,,,,,,,,,,,,,,,,,,,,
Indiana,2001,204581.1,,,,,,,,,,,,,,,,,,,,,,,,,,,,,,,,,
Indiana,2002,212430.3,,,,,,,,,,,,,,,,,,,,,,,,,,,,,,,,,
Indiana,2003,223495.3,,,,,,,,,,,,,,,,,,,,,,,,,,,,,,,,,
Indiana,2004,236935.8,,,,,,,,,,,,,,,,,,,,,,,,,,,,,,,,,
Indiana,2005,243738.3,,,,,,,,,,,,,,,,,,,,,,,,,,,,,,,,,
Indiana,2006,255054.6,,,,,,,,,,,,,,,,,,,,,,,,,,,,,,,,,
Indiana,2007,269053.6,,,,,,,,,,,,,,,,,,,,,,,,,,,,,,,,,
Indiana,2008,272845.6,,,,,,,,,,,,,,,,,,,,,,,,,,,,,,,,,
Indiana,2009,261238.3,,,,,,,,,,,,,,,,,,,,,,,,,,,,,,,,,
Indiana,2010,280120.7,,,,,,,,,,,,,,,,,,,,,,,,,,,,,,,,,
Indiana,2011,288749.1,,,,,,,,,,,,,,,,,,,,,,,,,,,,,,,,,
Indiana,2012,297552.7,,,,,,,,,,,,,,,,,,,,,,,,,,,,,,,,,
Indiana,2013,308681.7,,,,,,,,,,,,,,,,,,,,,,,,,,,,,,,,,
Indiana,2014,324934.5,,,,,,,,,,,,,,,,,,,,,,,,,,,,,,,,,
Indiana,2015,330032.2,,,,,,,,,,,,,,,,,,,,,,,,,,,,,,,,,
Indiana,2016,338126.1,,,,,,,,,,,,,,,,,,,,,,,,,,,,,,,,,
Indiana,2017,351105.6,,,,,,,,,,,,,,,,,,,,,,,,,,,,,,,,,
Indiana,2018,366800.5,,,,,,,,,,,,,,,,,,,,,,,,,,,,,,,,,
Iowa,1990,56121.5,,,,,,,,,,,,,,,,,,,,,,,,,,,,,,,,,
Iowa,1991,57944.2,,,,,,,,,,,,,,,,,,,,,,,,,,,,,,,,,
Iowa,1992,61870.3,,,,,,,,,,,,,,,,,,,,,,,,,,,,,,,,,
Iowa,1993,63385.5,,,,,,,,,,,,,,,,,,,,,,,,,,,,,,,,,
Iowa,1994,70161,,,,,,,,,,,,,,,,,,,,,,,,,,,,,,,,,
Iowa,1995,73136.6,,,,,,,,,,,,,,,,,,,,,,,,,,,,,,,,,
Iowa,1996,78819.2,,,,,,,,,,,,,,,,,,,,,,,,,,,,,,,,,
Iowa,1997,83113.2,,,,,,,,,,,,,,,,,,,,,,,,,,,,,,,,,
Iowa,1998,84546.9,,,,,,,,,,,,,,,,,,,,,,,,,,,,,,,,,
Iowa,1999,87662.3,,,,,,,,,,,,,,,,,,,,,,,,,,,,,,,,,
Iowa,2000,93028.6,,,,,,,,,,,,,,,,,,,,,,,,,,,,,,,,,
Iowa,2001,94770.8,,,,,,,,,,,,,,,,,,,,,,,,,,,,,,,,,
Iowa,2002,98976.1,,,,,,,,,,,,,,,,,,,,,,,,,,,,,,,,,
Iowa,2003,105073.5,,,,,,,,,,,,,,,,,,,,,,,,,,,,,,,,,
Iowa,2004,116652.5,,,,,,,,,,,,,,,,,,,,,,,,,,,,,,,,,
Iowa,2005,122224,,,,,,,,,,,,,,,,,,,,,,,,,,,,,,,,,
Iowa,2006,126884.2,,,,,,,,,,,,,,,,,,,,,,,,,,,,,,,,,
Iowa,2007,136977,,,,,,,,,,,,,,,,,,,,,,,,,,,,,,,,,
Iowa,2008,136553.6,,,,,,,,,,,,,,,,,,,,,,,,,,,,,,,,,
Iowa,2009,136251.2,,,,,,,,,,,,,,,,,,,,,,,,,,,,,,,,,
Iowa,2010,141482,,,,,,,,,,,,,,,,,,,,,,,,,,,,,,,,,
Iowa,2011,147227,,,,,,,,,,,,,,,,,,,,,,,,,,,,,,,,,
Iowa,2012,157250.8,,,,,,,,,,,,,,,,,,,,,,,,,,,,,,,,,
Iowa,2013,160299.8,,,,,,,,,,,,,,,,,,,,,,,,,,,,,,,,,
Iowa,2014,171561,,,,,,,,,,,,,,,,,,,,,,,,,,,,,,,,,
Iowa,2015,178472.6,,,,,,,,,,,,,,,,,,,,,,,,,,,,,,,,,
Iowa,2016,179546.6,,,,,,,,,,,,,,,,,,,,,,,,,,,,,,,,,
Iowa,2017,181846.3,,,,,,,,,,,,,,,,,,,,,,,,,,,,,,,,,
Iowa,2018,189701.6,,,,,,,,,,,,,,,,,,,,,,,,,,,,,,,,,
Kansas,1990,51873.7,,,,,,,,,,,,,,,,,,,,,,,,,,,,,,,,,
Kansas,1991,53980.7,,,,,,,,,,,,,,,,,,,,,,,,,,,,,,,,,
Kansas,1992,56901.7,,,,,,,,,,,,,,,,,,,,,,,,,,,,,,,,,
Kansas,1993,58953.2,,,,,,,,,,,,,,,,,,,,,,,,,,,,,,,,,
Kansas,1994,63304.1,,,,,,,,,,,,,,,,,,,,,,,,,,,,,,,,,
Kansas,1995,65281.9,,,,,,,,,,,,,,,,,,,,,,,,,,,,,,,,,
Kansas,1996,69616.1,,,,,,,,,,,,,,,,,,,,,,,,,,,,,,,,,
Kansas,1997,74146.8,,,,,,,,,,,,,,,,,,,,,,,,,,,,,,,,,
Kansas,1998,78478.8,,,,,,,,,,,,,,,,,,,,,,,,,,,,,,,,,
Kansas,1999,81853,,,,,,,,,,,,,,,,,,,,,,,,,,,,,,,,,
Kansas,2000,85853.2,,,,,,,,,,,,,,,,,,,,,,,,,,,,,,,,,
Kansas,2001,88380.4,,,,,,,,,,,,,,,,,,,,,,,,,,,,,,,,,
Kansas,2002,90949.3,,,,,,,,,,,,,,,,,,,,,,,,,,,,,,,,,
Kansas,2003,94603.5,,,,,,,,,,,,,,,,,,,,,,,,,,,,,,,,,
Kansas,2004,97676.4,,,,,,,,,,,,,,,,,,,,,,,,,,,,,,,,,
Kansas,2005,103936.6,,,,,,,,,,,,,,,,,,,,,,,,,,,,,,,,,
Kansas,2006,112650.3,,,,,,,,,,,,,,,,,,,,,,,,,,,,,,,,,
Kansas,2007,122453.3,,,,,,,,,,,,,,,,,,,,,,,,,,,,,,,,,
Kansas,2008,127682.4,,,,,,,,,,,,,,,,,,,,,,,,,,,,,,,,,
Kansas,2009,124340.7,,,,,,,,,,,,,,,,,,,,,,,,,,,,,,,,,
Kansas,2010,127744.8,,,,,,,,,,,,,,,,,,,,,,,,,,,,,,,,,
Kansas,2011,135315.3,,,,,,,,,,,,,,,,,,,,,,,,,,,,,,,,,
Kansas,2012,140477.8,,,,,,,,,,,,,,,,,,,,,,,,,,,,,,,,,
Kansas,2013,143220.7,,,,,,,,,,,,,,,,,,,,,,,,,,,,,,,,,
Kansas,2014,148225.6,,,,,,,,,,,,,,,,,,,,,,,,,,,,,,,,,
Kansas,2015,152374.1,,,,,,,,,,,,,,,,,,,,,,,,,,,,,,,,,
Kansas,2016,156857.4,,,,,,,,,,,,,,,,,,,,,,,,,,,,,,,,,
Kansas,2017,161219.6,,,,,,,,,,,,,,,,,,,,,,,,,,,,,,,,,
Kansas,2018,168318,,,,,,,,,,,,,,,,,,,,,,,,,,,,,,,,,
Kentucky,1990,68412.1,,,,,,,,,,,,,,,,,,,,,,,,,,,,,,,,,
Kentucky,1991,71679.2,,,,,,,,,,,,,,,,,,,,,,,,,,,,,,,,,
Kentucky,1992,77531.4,,,,,,,,,,,,,,,,,,,,,,,,,,,,,,,,,
Kentucky,1993,81618.1,,,,,,,,,,,,,,,,,,,,,,,,,,,,,,,,,
Kentucky,1994,87645.7,,,,,,,,,,,,,,,,,,,,,,,,,,,,,,,,,
Kentucky,1995,91914.7,,,,,,,,,,,,,,,,,,,,,,,,,,,,,,,,,
Kentucky,1996,96616.8,,,,,,,,,,,,,,,,,,,,,,,,,,,,,,,,,
Kentucky,1997,103621.2,,,,,,,,,,,,,,,,,,,,,,,,,,,,,,,,,
Kentucky,1998,109656.2,,,,,,,,,,,,,,,,,,,,,,,,,,,,,,,,,
Kentucky,1999,115258.5,,,,,,,,,,,,,,,,,,,,,,,,,,,,,,,,,
Kentucky,2000,114293.2,,,,,,,,,,,,,,,,,,,,,,,,,,,,,,,,,
Kentucky,2001,117430.8,,,,,,,,,,,,,,,,,,,,,,,,,,,,,,,,,
Kentucky,2002,122193.1,,,,,,,,,,,,,,,,,,,,,,,,,,,,,,,,,
Kentucky,2003,126970.6,,,,,,,,,,,,,,,,,,,,,,,,,,,,,,,,,
Kentucky,2004,134194.1,,,,,,,,,,,,,,,,,,,,,,,,,,,,,,,,,
Kentucky,2005,142649,,,,,,,,,,,,,,,,,,,,,,,,,,,,,,,,,
Kentucky,2006,151006.8,,,,,,,,,,,,,,,,,,,,,,,,,,,,,,,,,
Kentucky,2007,154531.7,,,,,,,,,,,,,,,,,,,,,,,,,,,,,,,,,
Kentucky,2008,158099,,,,,,,,,,,,,,,,,,,,,,,,,,,,,,,,,
Kentucky,2009,155779.7,,,,,,,,,,,,,,,,,,,,,,,,,,,,,,,,,
Kentucky,2010,164605.5,,,,,,,,,,,,,,,,,,,,,,,,,,,,,,,,,
Kentucky,2011,169940.7,,,,,,,,,,,,,,,,,,,,,,,,,,,,,,,,,
Kentucky,2012,176302.3,,,,,,,,,,,,,,,,,,,,,,,,,,,,,,,,,
Kentucky,2013,182359.2,,,,,,,,,,,,,,,,,,,,,,,,,,,,,,,,,
Kentucky,2014,186523,,,,,,,,,,,,,,,,,,,,,,,,,,,,,,,,,
Kentucky,2015,191923.3,,,,,,,,,,,,,,,,,,,,,,,,,,,,,,,,,
Kentucky,2016,195342.2,,,,,,,,,,,,,,,,,,,,,,,,,,,,,,,,,
Kentucky,2017,200715.4,,,,,,,,,,,,,,,,,,,,,,,,,,,,,,,,,
Kentucky,2018,208087.5,,,,,,,,,,,,,,,,,,,,,,,,,,,,,,,,,
Louisiana,1990,95177.1,,,,,,,,,,,,,,,,,,,,,,,,,,,,,,,,,
Louisiana,1991,96043.2,,,,,,,,,,,,,,,,,,,,,,,,,,,,,,,,,
Louisiana,1992,90889.7,,,,,,,,,,,,,,,,,,,,,,,,,,,,,,,,,
Louisiana,1993,95866.4,,,,,,,,,,,,,,,,,,,,,,,,,,,,,,,,,
Louisiana,1994,105118.9,,,,,,,,,,,,,,,,,,,,,,,,,,,,,,,,,
Louisiana,1995,112875.7,,,,,,,,,,,,,,,,,,,,,,,,,,,,,,,,,
Louisiana,1996,118807.2,,,,,,,,,,,,,,,,,,,,,,,,,,,,,,,,,
Louisiana,1997,126003.3,,,,,,,,,,,,,,,,,,,,,,,,,,,,,,,,,
Louisiana,1998,120429.3,,,,,,,,,,,,,,,,,,,,,,,,,,,,,,,,,
Louisiana,1999,125989.9,,,,,,,,,,,,,,,,,,,,,,,,,,,,,,,,,
Louisiana,2000,132809.9,,,,,,,,,,,,,,,,,,,,,,,,,,,,,,,,,
Louisiana,2001,137845.1,,,,,,,,,,,,,,,,,,,,,,,,,,,,,,,,,
Louisiana,2002,139537.9,,,,,,,,,,,,,,,,,,,,,,,,,,,,,,,,,
Louisiana,2003,154361.6,,,,,,,,,,,,,,,,,,,,,,,,,,,,,,,,,
Louisiana,2004,169873.2,,,,,,,,,,,,,,,,,,,,,,,,,,,,,,,,,
Louisiana,2005,197566.5,,,,,,,,,,,,,,,,,,,,,,,,,,,,,,,,,
Louisiana,2006,205799.5,,,,,,,,,,,,,,,,,,,,,,,,,,,,,,,,,
Louisiana,2007,206641.1,,,,,,,,,,,,,,,,,,,,,,,,,,,,,,,,,
Louisiana,2008,215068.9,,,,,,,,,,,,,,,,,,,,,,,,,,,,,,,,,
Louisiana,2009,206884.9,,,,,,,,,,,,,,,,,,,,,,,,,,,,,,,,,
Louisiana,2010,225677,,,,,,,,,,,,,,,,,,,,,,,,,,,,,,,,,
Louisiana,2011,228987.5,,,,,,,,,,,,,,,,,,,,,,,,,,,,,,,,,
Louisiana,2012,233623.1,,,,,,,,,,,,,,,,,,,,,,,,,,,,,,,,,
Louisiana,2013,228967.4,,,,,,,,,,,,,,,,,,,,,,,,,,,,,,,,,
Louisiana,2014,238679.5,,,,,,,,,,,,,,,,,,,,,,,,,,,,,,,,,
Louisiana,2015,234299.1,,,,,,,,,,,,,,,,,,,,,,,,,,,,,,,,,
Louisiana,2016,227226.7,,,,,,,,,,,,,,,,,,,,,,,,,,,,,,,,,
Louisiana,2017,239204.3,,,,,,,,,,,,,,,,,,,,,,,,,,,,,,,,,
Louisiana,2018,257287.8,,,,,,,,,,,,,,,,,,,,,,,,,,,,,,,,,
Maine,1990,23256.1,,,,,,,,,,,,,,,,,,,,,,,,,,,,,,,,,
Maine,1991,23378.6,,,,,,,,,,,,,,,,,,,,,,,,,,,,,,,,,
Maine,1992,24329.4,,,,,,,,,,,,,,,,,,,,,,,,,,,,,,,,,
Maine,1993,25201.9,,,,,,,,,,,,,,,,,,,,,,,,,,,,,,,,,
Maine,1994,26543.5,,,,,,,,,,,,,,,,,,,,,,,,,,,,,,,,,
Maine,1995,28152.6,,,,,,,,,,,,,,,,,,,,,,,,,,,,,,,,,
Maine,1996,29255.9,,,,,,,,,,,,,,,,,,,,,,,,,,,,,,,,,
Maine,1997,30774.7,,,,,,,,,,,,,,,,,,,,,,,,,,,,,,,,,
Maine,1998,32166.6,,,,,,,,,,,,,,,,,,,,,,,,,,,,,,,,,
Maine,1999,34382.1,,,,,,,,,,,,,,,,,,,,,,,,,,,,,,,,,
Maine,2000,36841,,,,,,,,,,,,,,,,,,,,,,,,,,,,,,,,,
Maine,2001,38500.8,,,,,,,,,,,,,,,,,,,,,,,,,,,,,,,,,
Maine,2002,40183.7,,,,,,,,,,,,,,,,,,,,,,,,,,,,,,,,,
Maine,2003,41838.5,,,,,,,,,,,,,,,,,,,,,,,,,,,,,,,,,
Maine,2004,44526.3,,,,,,,,,,,,,,,,,,,,,,,,,,,,,,,,,
Maine,2005,45874.8,,,,,,,,,,,,,,,,,,,,,,,,,,,,,,,,,
Maine,2006,47921.1,,,,,,,,,,,,,,,,,,,,,,,,,,,,,,,,,
Maine,2007,49148.6,,,,,,,,,,,,,,,,,,,,,,,,,,,,,,,,,
Maine,2008,49973.8,,,,,,,,,,,,,,,,,,,,,,,,,,,,,,,,,
Maine,2009,50556.5,,,,,,,,,,,,,,,,,,,,,,,,,,,,,,,,,
Maine,2010,51710.7,,,,,,,,,,,,,,,,,,,,,,,,,,,,,,,,,
Maine,2011,51866.7,,,,,,,,,,,,,,,,,,,,,,,,,,,,,,,,,
Maine,2012,52874,,,,,,,,,,,,,,,,,,,,,,,,,,,,,,,,,
Maine,2013,53719,,,,,,,,,,,,,,,,,,,,,,,,,,,,,,,,,
Maine,2014,55795.4,,,,,,,,,,,,,,,,,,,,,,,,,,,,,,,,,
Maine,2015,57525.7,,,,,,,,,,,,,,,,,,,,,,,,,,,,,,,,,
Maine,2016,59753.9,,,,,,,,,,,,,,,,,,,,,,,,,,,,,,,,,
Maine,2017,62040.3,,,,,,,,,,,,,,,,,,,,,,,,,,,,,,,,,
Maine,2018,64856,,,,,,,,,,,,,,,,,,,,,,,,,,,,,,,,,
Maryland,1990,112834.8,,,,,,,,,,,,,,,,,,,,,,,,,,,,,,,,,
Maryland,1991,115427.6,,,,,,,,,,,,,,,,,,,,,,,,,,,,,,,,,
Maryland,1992,119535.3,,,,,,,,,,,,,,,,,,,,,,,,,,,,,,,,,
Maryland,1993,125515.4,,,,,,,,,,,,,,,,,,,,,,,,,,,,,,,,,
Maryland,1994,133311.3,,,,,,,,,,,,,,,,,,,,,,,,,,,,,,,,,
Maryland,1995,139070.1,,,,,,,,,,,,,,,,,,,,,,,,,,,,,,,,,
Maryland,1996,145023.1,,,,,,,,,,,,,,,,,,,,,,,,,,,,,,,,,
Maryland,1997,154782.9,,,,,,,,,,,,,,,,,,,,,,,,,,,,,,,,,
Maryland,1998,169980.1,,,,,,,,,,,,,,,,,,,,,,,,,,,,,,,,,
Maryland,1999,180207,,,,,,,,,,,,,,,,,,,,,,,,,,,,,,,,,
Maryland,2000,192106.3,,,,,,,,,,,,,,,,,,,,,,,,,,,,,,,,,
Maryland,2001,205449.8,,,,,,,,,,,,,,,,,,,,,,,,,,,,,,,,,
Maryland,2002,218299.3,,,,,,,,,,,,,,,,,,,,,,,,,,,,,,,,,
Maryland,2003,228690,,,,,,,,,,,,,,,,,,,,,,,,,,,,,,,,,
Maryland,2004,246762,,,,,,,,,,,,,,,,,,,,,,,,,,,,,,,,,
Maryland,2005,265929.5,,,,,,,,,,,,,,,,,,,,,,,,,,,,,,,,,
Maryland,2006,279468.3,,,,,,,,,,,,,,,,,,,,,,,,,,,,,,,,,
Maryland,2007,287872.8,,,,,,,,,,,,,,,,,,,,,,,,,,,,,,,,,
Maryland,2008,296435.4,,,,,,,,,,,,,,,,,,,,,,,,,,,,,,,,,
Maryland,2009,302507.3,,,,,,,,,,,,,,,,,,,,,,,,,,,,,,,,,
Maryland,2010,316451.5,,,,,,,,,,,,,,,,,,,,,,,,,,,,,,,,,
Maryland,2011,328058.4,,,,,,,,,,,,,,,,,,,,,,,,,,,,,,,,,
Maryland,2012,334821.6,,,,,,,,,,,,,,,,,,,,,,,,,,,,,,,,,
Maryland,2013,341255.3,,,,,,,,,,,,,,,,,,,,,,,,,,,,,,,,,
Maryland,2014,352046.7,,,,,,,,,,,,,,,,,,,,,,,,,,,,,,,,,
Maryland,2015,367096.5,,,,,,,,,,,,,,,,,,,,,,,,,,,,,,,,,
Maryland,2016,384889.1,,,,,,,,,,,,,,,,,,,,,,,,,,,,,,,,,
Maryland,2017,394258.6,,,,,,,,,,,,,,,,,,,,,,,,,,,,,,,,,
Maryland,2018,412584.2,,,,,,,,,,,,,,,,,,,,,,,,,,,,,,,,,
Massachusetts,1990,159504.9,,,,,,,,,,,,,,,,,,,,,,,,,,,,,,,,,
Massachusetts,1991,160727.6,,,,,,,,,,,,,,,,,,,,,,,,,,,,,,,,,
Massachusetts,1992,167434.9,,,,,,,,,,,,,,,,,,,,,,,,,,,,,,,,,
Massachusetts,1993,173527.4,,,,,,,,,,,,,,,,,,,,,,,,,,,,,,,,,
Massachusetts,1994,185710.2,,,,,,,,,,,,,,,,,,,,,,,,,,,,,,,,,
Massachusetts,1995,196408.7,,,,,,,,,,,,,,,,,,,,,,,,,,,,,,,,,
Massachusetts,1996,210630.5,,,,,,,,,,,,,,,,,,,,,,,,,,,,,,,,,
Massachusetts,1997,226879.6,,,,,,,,,,,,,,,,,,,,,,,,,,,,,,,,,
Massachusetts,1998,249154.2,,,,,,,,,,,,,,,,,,,,,,,,,,,,,,,,,
Massachusetts,1999,264779.4,,,,,,,,,,,,,,,,,,,,,,,,,,,,,,,,,
Massachusetts,2000,289926.5,,,,,,,,,,,,,,,,,,,,,,,,,,,,,,,,,
Massachusetts,2001,296834.1,,,,,,,,,,,,,,,,,,,,,,,,,,,,,,,,,
Massachusetts,2002,303967.1,,,,,,,,,,,,,,,,,,,,,,,,,,,,,,,,,
Massachusetts,2003,315299.8,,,,,,,,,,,,,,,,,,,,,,,,,,,,,,,,,
Massachusetts,2004,330669.9,,,,,,,,,,,,,,,,,,,,,,,,,,,,,,,,,
Massachusetts,2005,345586,,,,,,,,,,,,,,,,,,,,,,,,,,,,,,,,,
Massachusetts,2006,361266,,,,,,,,,,,,,,,,,,,,,,,,,,,,,,,,,
Massachusetts,2007,379877.2,,,,,,,,,,,,,,,,,,,,,,,,,,,,,,,,,
Massachusetts,2008,388583.2,,,,,,,,,,,,,,,,,,,,,,,,,,,,,,,,,
Massachusetts,2009,391265.1,,,,,,,,,,,,,,,,,,,,,,,,,,,,,,,,,
Massachusetts,2010,409762.5,,,,,,,,,,,,,,,,,,,,,,,,,,,,,,,,,
Massachusetts,2011,425593.2,,,,,,,,,,,,,,,,,,,,,,,,,,,,,,,,,
Massachusetts,2012,444329.8,,,,,,,,,,,,,,,,,,,,,,,,,,,,,,,,,
Massachusetts,2013,454345.7,,,,,,,,,,,,,,,,,,,,,,,,,,,,,,,,,
Massachusetts,2014,473279,,,,,,,,,,,,,,,,,,,,,,,,,,,,,,,,,
Massachusetts,2015,502858,,,,,,,,,,,,,,,,,,,,,,,,,,,,,,,,,
Massachusetts,2016,519407.6,,,,,,,,,,,,,,,,,,,,,,,,,,,,,,,,,
Massachusetts,2017,540786,,,,,,,,,,,,,,,,,,,,,,,,,,,,,,,,,
Massachusetts,2018,569488,,,,,,,,,,,,,,,,,,,,,,,,,,,,,,,,,
Michigan,1990,193102.7,,,,,,,,,,,,,,,,,,,,,,,,,,,,,,,,,
Michigan,1991,197717.2,,,,,,,,,,,,,,,,,,,,,,,,,,,,,,,,,
Michigan,1992,212056.8,,,,,,,,,,,,,,,,,,,,,,,,,,,,,,,,,
Michigan,1993,226368,,,,,,,,,,,,,,,,,,,,,,,,,,,,,,,,,
Michigan,1994,251483.9,,,,,,,,,,,,,,,,,,,,,,,,,,,,,,,,,
Michigan,1995,256614.9,,,,,,,,,,,,,,,,,,,,,,,,,,,,,,,,,
Michigan,1996,270319.7,,,,,,,,,,,,,,,,,,,,,,,,,,,,,,,,,
Michigan,1997,286408.4,,,,,,,,,,,,,,,,,,,,,,,,,,,,,,,,,
Michigan,1998,312611,,,,,,,,,,,,,,,,,,,,,,,,,,,,,,,,,
Michigan,1999,337561.2,,,,,,,,,,,,,,,,,,,,,,,,,,,,,,,,,
Michigan,2000,351572.7,,,,,,,,,,,,,,,,,,,,,,,,,,,,,,,,,
Michigan,2001,348529,,,,,,,,,,,,,,,,,,,,,,,,,,,,,,,,,
Michigan,2002,362271.1,,,,,,,,,,,,,,,,,,,,,,,,,,,,,,,,,
Michigan,2003,373839.3,,,,,,,,,,,,,,,,,,,,,,,,,,,,,,,,,
Michigan,2004,381228.9,,,,,,,,,,,,,,,,,,,,,,,,,,,,,,,,,
Michigan,2005,394229,,,,,,,,,,,,,,,,,,,,,,,,,,,,,,,,,
Michigan,2006,395451,,,,,,,,,,,,,,,,,,,,,,,,,,,,,,,,,
Michigan,2007,403735.8,,,,,,,,,,,,,,,,,,,,,,,,,,,,,,,,,
Michigan,2008,386053.9,,,,,,,,,,,,,,,,,,,,,,,,,,,,,,,,,
Michigan,2009,365591.7,,,,,,,,,,,,,,,,,,,,,,,,,,,,,,,,,
Michigan,2010,386625.9,,,,,,,,,,,,,,,,,,,,,,,,,,,,,,,,,
Michigan,2011,401105.4,,,,,,,,,,,,,,,,,,,,,,,,,,,,,,,,,
Michigan,2012,418857.4,,,,,,,,,,,,,,,,,,,,,,,,,,,,,,,,,
Michigan,2013,432717.6,,,,,,,,,,,,,,,,,,,,,,,,,,,,,,,,,
Michigan,2014,449127.7,,,,,,,,,,,,,,,,,,,,,,,,,,,,,,,,,
Michigan,2015,474301.4,,,,,,,,,,,,,,,,,,,,,,,,,,,,,,,,,
Michigan,2016,491774.2,,,,,,,,,,,,,,,,,,,,,,,,,,,,,,,,,
Michigan,2017,505561.2,,,,,,,,,,,,,,,,,,,,,,,,,,,,,,,,,
Michigan,2018,527095.8,,,,,,,,,,,,,,,,,,,,,,,,,,,,,,,,,
Minnesota,1990,102756.6,,,,,,,,,,,,,,,,,,,,,,,,,,,,,,,,,
Minnesota,1991,106102.5,,,,,,,,,,,,,,,,,,,,,,,,,,,,,,,,,
Minnesota,1992,114517.8,,,,,,,,,,,,,,,,,,,,,,,,,,,,,,,,,
Minnesota,1993,117947.4,,,,,,,,,,,,,,,,,,,,,,,,,,,,,,,,,
Minnesota,1994,128167.2,,,,,,,,,,,,,,,,,,,,,,,,,,,,,,,,,
Minnesota,1995,135124.1,,,,,,,,,,,,,,,,,,,,,,,,,,,,,,,,,
Minnesota,1996,145880.3,,,,,,,,,,,,,,,,,,,,,,,,,,,,,,,,,
Minnesota,1997,156649.5,,,,,,,,,,,,,,,,,,,,,,,,,,,,,,,,,
Minnesota,1998,166292.7,,,,,,,,,,,,,,,,,,,,,,,,,,,,,,,,,
Minnesota,1999,174650,,,,,,,,,,,,,,,,,,,,,,,,,,,,,,,,,
Minnesota,2000,189964.8,,,,,,,,,,,,,,,,,,,,,,,,,,,,,,,,,
Minnesota,2001,194646.5,,,,,,,,,,,,,,,,,,,,,,,,,,,,,,,,,
Minnesota,2002,202766,,,,,,,,,,,,,,,,,,,,,,,,,,,,,,,,,
Minnesota,2003,215155.9,,,,,,,,,,,,,,,,,,,,,,,,,,,,,,,,,
Minnesota,2004,230282,,,,,,,,,,,,,,,,,,,,,,,,,,,,,,,,,
Minnesota,2005,242862.7,,,,,,,,,,,,,,,,,,,,,,,,,,,,,,,,,
Minnesota,2006,249735,,,,,,,,,,,,,,,,,,,,,,,,,,,,,,,,,
Minnesota,2007,258827.2,,,,,,,,,,,,,,,,,,,,,,,,,,,,,,,,,
Minnesota,2008,264688,,,,,,,,,,,,,,,,,,,,,,,,,,,,,,,,,
Minnesota,2009,259958.7,,,,,,,,,,,,,,,,,,,,,,,,,,,,,,,,,
Minnesota,2010,271821.2,,,,,,,,,,,,,,,,,,,,,,,,,,,,,,,,,
Minnesota,2011,283807.3,,,,,,,,,,,,,,,,,,,,,,,,,,,,,,,,,
Minnesota,2012,294296.6,,,,,,,,,,,,,,,,,,,,,,,,,,,,,,,,,
Minnesota,2013,306153,,,,,,,,,,,,,,,,,,,,,,,,,,,,,,,,,
Minnesota,2014,319778.7,,,,,,,,,,,,,,,,,,,,,,,,,,,,,,,,,
Minnesota,2015,329493.2,,,,,,,,,,,,,,,,,,,,,,,,,,,,,,,,,
Minnesota,2016,339100.1,,,,,,,,,,,,,,,,,,,,,,,,,,,,,,,,,
Minnesota,2017,351416.8,,,,,,,,,,,,,,,,,,,,,,,,,,,,,,,,,
Minnesota,2018,368852.4,,,,,,,,,,,,,,,,,,,,,,,,,,,,,,,,,
Mississippi,1990,38757,,,,,,,,,,,,,,,,,,,,,,,,,,,,,,,,,
Mississippi,1991,40862.1,,,,,,,,,,,,,,,,,,,,,,,,,,,,,,,,,
Mississippi,1992,44011.8,,,,,,,,,,,,,,,,,,,,,,,,,,,,,,,,,
Mississippi,1993,47340.3,,,,,,,,,,,,,,,,,,,,,,,,,,,,,,,,,
Mississippi,1994,51601.6,,,,,,,,,,,,,,,,,,,,,,,,,,,,,,,,,
Mississippi,1995,54984.3,,,,,,,,,,,,,,,,,,,,,,,,,,,,,,,,,
Mississippi,1996,57460.1,,,,,,,,,,,,,,,,,,,,,,,,,,,,,,,,,
Mississippi,1997,59874.8,,,,,,,,,,,,,,,,,,,,,,,,,,,,,,,,,
Mississippi,1998,60992.3,,,,,,,,,,,,,,,,,,,,,,,,,,,,,,,,,
Mississippi,1999,63827.2,,,,,,,,,,,,,,,,,,,,,,,,,,,,,,,,,
Mississippi,2000,65645.9,,,,,,,,,,,,,,,,,,,,,,,,,,,,,,,,,
Mississippi,2001,67028.6,,,,,,,,,,,,,,,,,,,,,,,,,,,,,,,,,
Mississippi,2002,68865.8,,,,,,,,,,,,,,,,,,,,,,,,,,,,,,,,,
Mississippi,2003,73332.2,,,,,,,,,,,,,,,,,,,,,,,,,,,,,,,,,
Mississippi,2004,77214.4,,,,,,,,,,,,,,,,,,,,,,,,,,,,,,,,,
Mississippi,2005,80995.7,,,,,,,,,,,,,,,,,,,,,,,,,,,,,,,,,
Mississippi,2006,85869,,,,,,,,,,,,,,,,,,,,,,,,,,,,,,,,,
Mississippi,2007,91057.6,,,,,,,,,,,,,,,,,,,,,,,,,,,,,,,,,
Mississippi,2008,96843.6,,,,,,,,,,,,,,,,,,,,,,,,,,,,,,,,,
Mississippi,2009,93205.6,,,,,,,,,,,,,,,,,,,,,,,,,,,,,,,,,
Mississippi,2010,95208.4,,,,,,,,,,,,,,,,,,,,,,,,,,,,,,,,,
Mississippi,2011,96371.6,,,,,,,,,,,,,,,,,,,,,,,,,,,,,,,,,
Mississippi,2012,99614.6,,,,,,,,,,,,,,,,,,,,,,,,,,,,,,,,,
Mississippi,2013,101638.1,,,,,,,,,,,,,,,,,,,,,,,,,,,,,,,,,
Mississippi,2014,104146,,,,,,,,,,,,,,,,,,,,,,,,,,,,,,,,,
Mississippi,2015,105883.4,,,,,,,,,,,,,,,,,,,,,,,,,,,,,,,,,
Mississippi,2016,107096.6,,,,,,,,,,,,,,,,,,,,,,,,,,,,,,,,,
Mississippi,2017,110223.4,,,,,,,,,,,,,,,,,,,,,,,,,,,,,,,,,
Mississippi,2018,114834.2,,,,,,,,,,,,,,,,,,,,,,,,,,,,,,,,,
Missouri,1990,103565.7,,,,,,,,,,,,,,,,,,,,,,,,,,,,,,,,,
Missouri,1991,109161.6,,,,,,,,,,,,,,,,,,,,,,,,,,,,,,,,,
Missouri,1992,115288.4,,,,,,,,,,,,,,,,,,,,,,,,,,,,,,,,,
Missouri,1993,118905.6,,,,,,,,,,,,,,,,,,,,,,,,,,,,,,,,,
Missouri,1994,130566.7,,,,,,,,,,,,,,,,,,,,,,,,,,,,,,,,,
Missouri,1995,140059.8,,,,,,,,,,,,,,,,,,,,,,,,,,,,,,,,,
Missouri,1996,148256.8,,,,,,,,,,,,,,,,,,,,,,,,,,,,,,,,,
Missouri,1997,158308,,,,,,,,,,,,,,,,,,,,,,,,,,,,,,,,,
Missouri,1998,169368.7,,,,,,,,,,,,,,,,,,,,,,,,,,,,,,,,,
Missouri,1999,177360.5,,,,,,,,,,,,,,,,,,,,,,,,,,,,,,,,,
Missouri,2000,187296.8,,,,,,,,,,,,,,,,,,,,,,,,,,,,,,,,,
Missouri,2001,191199,,,,,,,,,,,,,,,,,,,,,,,,,,,,,,,,,
Missouri,2002,196597.6,,,,,,,,,,,,,,,,,,,,,,,,,,,,,,,,,
Missouri,2003,204009.5,,,,,,,,,,,,,,,,,,,,,,,,,,,,,,,,,
Missouri,2004,214218.1,,,,,,,,,,,,,,,,,,,,,,,,,,,,,,,,,
Missouri,2005,223497.1,,,,,,,,,,,,,,,,,,,,,,,,,,,,,,,,,
Missouri,2006,231771.5,,,,,,,,,,,,,,,,,,,,,,,,,,,,,,,,,
Missouri,2007,240158.8,,,,,,,,,,,,,,,,,,,,,,,,,,,,,,,,,
Missouri,2008,250581.1,,,,,,,,,,,,,,,,,,,,,,,,,,,,,,,,,
Missouri,2009,251780,,,,,,,,,,,,,,,,,,,,,,,,,,,,,,,,,
Missouri,2010,258544.1,,,,,,,,,,,,,,,,,,,,,,,,,,,,,,,,,
Missouri,2011,260093.5,,,,,,,,,,,,,,,,,,,,,,,,,,,,,,,,,
Missouri,2012,268761.5,,,,,,,,,,,,,,,,,,,,,,,,,,,,,,,,,
Missouri,2013,277851.1,,,,,,,,,,,,,,,,,,,,,,,,,,,,,,,,,
Missouri,2014,284712.5,,,,,,,,,,,,,,,,,,,,,,,,,,,,,,,,,
Missouri,2015,294794.6,,,,,,,,,,,,,,,,,,,,,,,,,,,,,,,,,
Missouri,2016,297582.6,,,,,,,,,,,,,,,,,,,,,,,,,,,,,,,,,
Missouri,2017,304946.2,,,,,,,,,,,,,,,,,,,,,,,,,,,,,,,,,
Missouri,2018,318921,,,,,,,,,,,,,,,,,,,,,,,,,,,,,,,,,
Montana,1990,13241.9,,,,,,,,,,,,,,,,,,,,,,,,,,,,,,,,,
Montana,1991,13875.2,,,,,,,,,,,,,,,,,,,,,,,,,,,,,,,,,
Montana,1992,14936.9,,,,,,,,,,,,,,,,,,,,,,,,,,,,,,,,,
Montana,1993,16054.4,,,,,,,,,,,,,,,,,,,,,,,,,,,,,,,,,
Montana,1994,17062.1,,,,,,,,,,,,,,,,,,,,,,,,,,,,,,,,,
Montana,1995,17519.3,,,,,,,,,,,,,,,,,,,,,,,,,,,,,,,,,
Montana,1996,18118.7,,,,,,,,,,,,,,,,,,,,,,,,,,,,,,,,,
Montana,1997,18932,,,,,,,,,,,,,,,,,,,,,,,,,,,,,,,,,
Montana,1998,20444.9,,,,,,,,,,,,,,,,,,,,,,,,,,,,,,,,,
Montana,1999,20829.9,,,,,,,,,,,,,,,,,,,,,,,,,,,,,,,,,
Montana,2000,21885.2,,,,,,,,,,,,,,,,,,,,,,,,,,,,,,,,,
Montana,2001,22851.7,,,,,,,,,,,,,,,,,,,,,,,,,,,,,,,,,
Montana,2002,23880.5,,,,,,,,,,,,,,,,,,,,,,,,,,,,,,,,,
Montana,2003,25637.6,,,,,,,,,,,,,,,,,,,,,,,,,,,,,,,,,
Montana,2004,27939.2,,,,,,,,,,,,,,,,,,,,,,,,,,,,,,,,,
Montana,2005,30529.7,,,,,,,,,,,,,,,,,,,,,,,,,,,,,,,,,
Montana,2006,32933.3,,,,,,,,,,,,,,,,,,,,,,,,,,,,,,,,,
Montana,2007,36074.1,,,,,,,,,,,,,,,,,,,,,,,,,,,,,,,,,
Montana,2008,36862.5,,,,,,,,,,,,,,,,,,,,,,,,,,,,,,,,,
Montana,2009,35983.9,,,,,,,,,,,,,,,,,,,,,,,,,,,,,,,,,
Montana,2010,38054.6,,,,,,,,,,,,,,,,,,,,,,,,,,,,,,,,,
Montana,2011,40579.3,,,,,,,,,,,,,,,,,,,,,,,,,,,,,,,,,
Montana,2012,42005.8,,,,,,,,,,,,,,,,,,,,,,,,,,,,,,,,,
Montana,2013,43141,,,,,,,,,,,,,,,,,,,,,,,,,,,,,,,,,
Montana,2014,44495.7,,,,,,,,,,,,,,,,,,,,,,,,,,,,,,,,,
Montana,2015,46152.9,,,,,,,,,,,,,,,,,,,,,,,,,,,,,,,,,
Montana,2016,45457.9,,,,,,,,,,,,,,,,,,,,,,,,,,,,,,,,,
Montana,2017,47559.1,,,,,,,,,,,,,,,,,,,,,,,,,,,,,,,,,
Montana,2018,50326.6,,,,,,,,,,,,,,,,,,,,,,,,,,,,,,,,,
Nebraska,1990,33734.3,,,,,,,,,,,,,,,,,,,,,,,,,,,,,,,,,
Nebraska,1991,35613.3,,,,,,,,,,,,,,,,,,,,,,,,,,,,,,,,,
Nebraska,1992,38213.6,,,,,,,,,,,,,,,,,,,,,,,,,,,,,,,,,
Nebraska,1993,39353.4,,,,,,,,,,,,,,,,,,,,,,,,,,,,,,,,,
Nebraska,1994,43504.3,,,,,,,,,,,,,,,,,,,,,,,,,,,,,,,,,
Nebraska,1995,45111.3,,,,,,,,,,,,,,,,,,,,,,,,,,,,,,,,,
Nebraska,1996,49006.9,,,,,,,,,,,,,,,,,,,,,,,,,,,,,,,,,
Nebraska,1997,50308,,,,,,,,,,,,,,,,,,,,,,,,,,,,,,,,,
Nebraska,1998,51829.3,,,,,,,,,,,,,,,,,,,,,,,,,,,,,,,,,
Nebraska,1999,53689.3,,,,,,,,,,,,,,,,,,,,,,,,,,,,,,,,,
Nebraska,2000,56503.7,,,,,,,,,,,,,,,,,,,,,,,,,,,,,,,,,
Nebraska,2001,59467,,,,,,,,,,,,,,,,,,,,,,,,,,,,,,,,,
Nebraska,2002,61604.4,,,,,,,,,,,,,,,,,,,,,,,,,,,,,,,,,
Nebraska,2003,66415.6,,,,,,,,,,,,,,,,,,,,,,,,,,,,,,,,,
Nebraska,2004,70288.8,,,,,,,,,,,,,,,,,,,,,,,,,,,,,,,,,
Nebraska,2005,73959,,,,,,,,,,,,,,,,,,,,,,,,,,,,,,,,,
Nebraska,2006,78150,,,,,,,,,,,,,,,,,,,,,,,,,,,,,,,,,
Nebraska,2007,83122.8,,,,,,,,,,,,,,,,,,,,,,,,,,,,,,,,,
Nebraska,2008,85200.6,,,,,,,,,,,,,,,,,,,,,,,,,,,,,,,,,
Nebraska,2009,86830.3,,,,,,,,,,,,,,,,,,,,,,,,,,,,,,,,,
Nebraska,2010,91812.8,,,,,,,,,,,,,,,,,,,,,,,,,,,,,,,,,
Nebraska,2011,99613.4,,,,,,,,,,,,,,,,,,,,,,,,,,,,,,,,,
Nebraska,2012,102269,,,,,,,,,,,,,,,,,,,,,,,,,,,,,,,,,
Nebraska,2013,107604.3,,,,,,,,,,,,,,,,,,,,,,,,,,,,,,,,,
Nebraska,2014,111161.7,,,,,,,,,,,,,,,,,,,,,,,,,,,,,,,,,
Nebraska,2015,115328,,,,,,,,,,,,,,,,,,,,,,,,,,,,,,,,,
Nebraska,2016,116193.8,,,,,,,,,,,,,,,,,,,,,,,,,,,,,,,,,
Nebraska,2017,120517.4,,,,,,,,,,,,,,,,,,,,,,,,,,,,,,,,,
Nebraska,2018,123977.9,,,,,,,,,,,,,,,,,,,,,,,,,,,,,,,,,
Nevada,1990,30980,,,,,,,,,,,,,,,,,,,,,,,,,,,,,,,,,
Nevada,1991,32785.6,,,,,,,,,,,,,,,,,,,,,,,,,,,,,,,,,
Nevada,1992,36051.6,,,,,,,,,,,,,,,,,,,,,,,,,,,,,,,,,
Nevada,1993,40039.1,,,,,,,,,,,,,,,,,,,,,,,,,,,,,,,,,
Nevada,1994,45172.8,,,,,,,,,,,,,,,,,,,,,,,,,,,,,,,,,
Nevada,1995,49249.3,,,,,,,,,,,,,,,,,,,,,,,,,,,,,,,,,
Nevada,1996,54418.6,,,,,,,,,,,,,,,,,,,,,,,,,,,,,,,,,
Nevada,1997,59467.2,,,,,,,,,,,,,,,,,,,,,,,,,,,,,,,,,
Nevada,1998,65315,,,,,,,,,,,,,,,,,,,,,,,,,,,,,,,,,
Nevada,1999,71534.9,,,,,,,,,,,,,,,,,,,,,,,,,,,,,,,,,
Nevada,2000,76627.1,,,,,,,,,,,,,,,,,,,,,,,,,,,,,,,,,
Nevada,2001,80426.6,,,,,,,,,,,,,,,,,,,,,,,,,,,,,,,,,
Nevada,2002,84733.5,,,,,,,,,,,,,,,,,,,,,,,,,,,,,,,,,
Nevada,2003,90778.8,,,,,,,,,,,,,,,,,,,,,,,,,,,,,,,,,
Nevada,2004,104420.6,,,,,,,,,,,,,,,,,,,,,,,,,,,,,,,,,
Nevada,2005,117856.1,,,,,,,,,,,,,,,,,,,,,,,,,,,,,,,,,
Nevada,2006,127575.7,,,,,,,,,,,,,,,,,,,,,,,,,,,,,,,,,
Nevada,2007,131599.8,,,,,,,,,,,,,,,,,,,,,,,,,,,,,,,,,
Nevada,2008,129372.4,,,,,,,,,,,,,,,,,,,,,,,,,,,,,,,,,
Nevada,2009,121109.5,,,,,,,,,,,,,,,,,,,,,,,,,,,,,,,,,
Nevada,2010,123598.1,,,,,,,,,,,,,,,,,,,,,,,,,,,,,,,,,
Nevada,2011,126657.1,,,,,,,,,,,,,,,,,,,,,,,,,,,,,,,,,
Nevada,2012,128043,,,,,,,,,,,,,,,,,,,,,,,,,,,,,,,,,
Nevada,2013,130621.4,,,,,,,,,,,,,,,,,,,,,,,,,,,,,,,,,
Nevada,2014,135153.2,,,,,,,,,,,,,,,,,,,,,,,,,,,,,,,,,
Nevada,2015,144232.4,,,,,,,,,,,,,,,,,,,,,,,,,,,,,,,,,
Nevada,2016,151215.1,,,,,,,,,,,,,,,,,,,,,,,,,,,,,,,,,
Nevada,2017,158847.6,,,,,,,,,,,,,,,,,,,,,,,,,,,,,,,,,
Nevada,2018,169309.9,,,,,,,,,,,,,,,,,,,,,,,,,,,,,,,,,
New Hampshire,1990,23767.8,,,,,,,,,,,,,,,,,,,,,,,,,,,,,,,,,
New Hampshire,1991,24762.6,,,,,,,,,,,,,,,,,,,,,,,,,,,,,,,,,
New Hampshire,1992,26331.8,,,,,,,,,,,,,,,,,,,,,,,,,,,,,,,,,
New Hampshire,1993,27362.1,,,,,,,,,,,,,,,,,,,,,,,,,,,,,,,,,
New Hampshire,1994,29190.1,,,,,,,,,,,,,,,,,,,,,,,,,,,,,,,,,
New Hampshire,1995,31875.5,,,,,,,,,,,,,,,,,,,,,,,,,,,,,,,,,
New Hampshire,1996,34560.6,,,,,,,,,,,,,,,,,,,,,,,,,,,,,,,,,
New Hampshire,1997,36935,,,,,,,,,,,,,,,,,,,,,,,,,,,,,,,,,
New Hampshire,1998,40557.8,,,,,,,,,,,,,,,,,,,,,,,,,,,,,,,,,
New Hampshire,1999,41880,,,,,,,,,,,,,,,,,,,,,,,,,,,,,,,,,
New Hampshire,2000,45225.5,,,,,,,,,,,,,,,,,,,,,,,,,,,,,,,,,
New Hampshire,2001,46629.7,,,,,,,,,,,,,,,,,,,,,,,,,,,,,,,,,
New Hampshire,2002,48678.5,,,,,,,,,,,,,,,,,,,,,,,,,,,,,,,,,
New Hampshire,2003,51378.4,,,,,,,,,,,,,,,,,,,,,,,,,,,,,,,,,
New Hampshire,2004,54126.7,,,,,,,,,,,,,,,,,,,,,,,,,,,,,,,,,
New Hampshire,2005,56352.1,,,,,,,,,,,,,,,,,,,,,,,,,,,,,,,,,
New Hampshire,2006,59411.6,,,,,,,,,,,,,,,,,,,,,,,,,,,,,,,,,
New Hampshire,2007,60732.7,,,,,,,,,,,,,,,,,,,,,,,,,,,,,,,,,
New Hampshire,2008,60918.7,,,,,,,,,,,,,,,,,,,,,,,,,,,,,,,,,
New Hampshire,2009,61937.4,,,,,,,,,,,,,,,,,,,,,,,,,,,,,,,,,
New Hampshire,2010,64151.6,,,,,,,,,,,,,,,,,,,,,,,,,,,,,,,,,
New Hampshire,2011,65430.5,,,,,,,,,,,,,,,,,,,,,,,,,,,,,,,,,
New Hampshire,2012,67689.2,,,,,,,,,,,,,,,,,,,,,,,,,,,,,,,,,
New Hampshire,2013,70181.9,,,,,,,,,,,,,,,,,,,,,,,,,,,,,,,,,
New Hampshire,2014,72340.1,,,,,,,,,,,,,,,,,,,,,,,,,,,,,,,,,
New Hampshire,2015,76033.3,,,,,,,,,,,,,,,,,,,,,,,,,,,,,,,,,
New Hampshire,2016,78477.9,,,,,,,,,,,,,,,,,,,,,,,,,,,,,,,,,
New Hampshire,2017,80900.2,,,,,,,,,,,,,,,,,,,,,,,,,,,,,,,,,
New Hampshire,2018,84463.9,,,,,,,,,,,,,,,,,,,,,,,,,,,,,,,,,
New Jersey,1990,214357,,,,,,,,,,,,,,,,,,,,,,,,,,,,,,,,,
New Jersey,1991,221915,,,,,,,,,,,,,,,,,,,,,,,,,,,,,,,,,
New Jersey,1992,230774.5,,,,,,,,,,,,,,,,,,,,,,,,,,,,,,,,,
New Jersey,1993,240389.4,,,,,,,,,,,,,,,,,,,,,,,,,,,,,,,,,
New Jersey,1994,251572.6,,,,,,,,,,,,,,,,,,,,,,,,,,,,,,,,,
New Jersey,1995,263468,,,,,,,,,,,,,,,,,,,,,,,,,,,,,,,,,
New Jersey,1996,278191.1,,,,,,,,,,,,,,,,,,,,,,,,,,,,,,,,,
New Jersey,1997,292671,,,,,,,,,,,,,,,,,,,,,,,,,,,,,,,,,
New Jersey,1998,319946.2,,,,,,,,,,,,,,,,,,,,,,,,,,,,,,,,,
New Jersey,1999,336649.9,,,,,,,,,,,,,,,,,,,,,,,,,,,,,,,,,
New Jersey,2000,362006.9,,,,,,,,,,,,,,,,,,,,,,,,,,,,,,,,,
New Jersey,2001,373755.6,,,,,,,,,,,,,,,,,,,,,,,,,,,,,,,,,
New Jersey,2002,388337.7,,,,,,,,,,,,,,,,,,,,,,,,,,,,,,,,,
New Jersey,2003,405198.5,,,,,,,,,,,,,,,,,,,,,,,,,,,,,,,,,
New Jersey,2004,422889.1,,,,,,,,,,,,,,,,,,,,,,,,,,,,,,,,,
New Jersey,2005,440773.8,,,,,,,,,,,,,,,,,,,,,,,,,,,,,,,,,
New Jersey,2006,464458.9,,,,,,,,,,,,,,,,,,,,,,,,,,,,,,,,,
New Jersey,2007,480539,,,,,,,,,,,,,,,,,,,,,,,,,,,,,,,,,
New Jersey,2008,495121.8,,,,,,,,,,,,,,,,,,,,,,,,,,,,,,,,,
New Jersey,2009,486512.8,,,,,,,,,,,,,,,,,,,,,,,,,,,,,,,,,
New Jersey,2010,495149,,,,,,,,,,,,,,,,,,,,,,,,,,,,,,,,,
New Jersey,2011,499114.9,,,,,,,,,,,,,,,,,,,,,,,,,,,,,,,,,
New Jersey,2012,519745.8,,,,,,,,,,,,,,,,,,,,,,,,,,,,,,,,,
New Jersey,2013,533686.7,,,,,,,,,,,,,,,,,,,,,,,,,,,,,,,,,
New Jersey,2014,546686.5,,,,,,,,,,,,,,,,,,,,,,,,,,,,,,,,,
New Jersey,2015,569679.5,,,,,,,,,,,,,,,,,,,,,,,,,,,,,,,,,
New Jersey,2016,582427.5,,,,,,,,,,,,,,,,,,,,,,,,,,,,,,,,,
New Jersey,2017,595324.5,,,,,,,,,,,,,,,,,,,,,,,,,,,,,,,,,
New Jersey,2018,622002.8,,,,,,,,,,,,,,,,,,,,,,,,,,,,,,,,,
New Mexico,1990,26600.3,,,,,,,,,,,,,,,,,,,,,,,,,,,,,,,,,
New Mexico,1991,30295.3,,,,,,,,,,,,,,,,,,,,,,,,,,,,,,,,,
New Mexico,1992,32638.4,,,,,,,,,,,,,,,,,,,,,,,,,,,,,,,,,
New Mexico,1993,36876.1,,,,,,,,,,,,,,,,,,,,,,,,,,,,,,,,,
New Mexico,1994,41684.5,,,,,,,,,,,,,,,,,,,,,,,,,,,,,,,,,
New Mexico,1995,42145.9,,,,,,,,,,,,,,,,,,,,,,,,,,,,,,,,,
New Mexico,1996,44532.1,,,,,,,,,,,,,,,,,,,,,,,,,,,,,,,,,
New Mexico,1997,48682.7,,,,,,,,,,,,,,,,,,,,,,,,,,,,,,,,,
New Mexico,1998,50682.3,,,,,,,,,,,,,,,,,,,,,,,,,,,,,,,,,
New Mexico,1999,53092.8,,,,,,,,,,,,,,,,,,,,,,,,,,,,,,,,,
New Mexico,2000,55232.9,,,,,,,,,,,,,,,,,,,,,,,,,,,,,,,,,
New Mexico,2001,55986.2,,,,,,,,,,,,,,,,,,,,,,,,,,,,,,,,,
New Mexico,2002,58055.5,,,,,,,,,,,,,,,,,,,,,,,,,,,,,,,,,
New Mexico,2003,62895.9,,,,,,,,,,,,,,,,,,,,,,,,,,,,,,,,,
New Mexico,2004,69740.7,,,,,,,,,,,,,,,,,,,,,,,,,,,,,,,,,
New Mexico,2005,73684.2,,,,,,,,,,,,,,,,,,,,,,,,,,,,,,,,,
New Mexico,2006,77426.1,,,,,,,,,,,,,,,,,,,,,,,,,,,,,,,,,
New Mexico,2007,80572.8,,,,,,,,,,,,,,,,,,,,,,,,,,,,,,,,,
New Mexico,2008,83724.2,,,,,,,,,,,,,,,,,,,,,,,,,,,,,,,,,
New Mexico,2009,82017.4,,,,,,,,,,,,,,,,,,,,,,,,,,,,,,,,,
New Mexico,2010,83989.2,,,,,,,,,,,,,,,,,,,,,,,,,,,,,,,,,
New Mexico,2011,86625,,,,,,,,,,,,,,,,,,,,,,,,,,,,,,,,,
New Mexico,2012,87601.6,,,,,,,,,,,,,,,,,,,,,,,,,,,,,,,,,
New Mexico,2013,88411.2,,,,,,,,,,,,,,,,,,,,,,,,,,,,,,,,,
New Mexico,2014,92480.7,,,,,,,,,,,,,,,,,,,,,,,,,,,,,,,,,
New Mexico,2015,90969,,,,,,,,,,,,,,,,,,,,,,,,,,,,,,,,,
New Mexico,2016,91043.6,,,,,,,,,,,,,,,,,,,,,,,,,,,,,,,,,
New Mexico,2017,94267.1,,,,,,,,,,,,,,,,,,,,,,,,,,,,,,,,,
New Mexico,2018,100296.8,,,,,,,,,,,,,,,,,,,,,,,,,,,,,,,,,
New York,1990,493191.9,,,,,,,,,,,,,,,,,,,,,,,,,,,,,,,,,
New York,1991,497336,,,,,,,,,,,,,,,,,,,,,,,,,,,,,,,,,
New York,1992,519703.9,,,,,,,,,,,,,,,,,,,,,,,,,,,,,,,,,
New York,1993,537504.2,,,,,,,,,,,,,,,,,,,,,,,,,,,,,,,,,
New York,1994,555321.8,,,,,,,,,,,,,,,,,,,,,,,,,,,,,,,,,
New York,1995,582656.3,,,,,,,,,,,,,,,,,,,,,,,,,,,,,,,,,
New York,1996,620153.4,,,,,,,,,,,,,,,,,,,,,,,,,,,,,,,,,
New York,1997,664679,,,,,,,,,,,,,,,,,,,,,,,,,,,,,,,,,
New York,1998,745223.7,,,,,,,,,,,,,,,,,,,,,,,,,,,,,,,,,
New York,1999,793721.1,,,,,,,,,,,,,,,,,,,,,,,,,,,,,,,,,
New York,2000,838660.3,,,,,,,,,,,,,,,,,,,,,,,,,,,,,,,,,
New York,2001,877149.3,,,,,,,,,,,,,,,,,,,,,,,,,,,,,,,,,
New York,2002,886792.7,,,,,,,,,,,,,,,,,,,,,,,,,,,,,,,,,
New York,2003,905280.6,,,,,,,,,,,,,,,,,,,,,,,,,,,,,,,,,
New York,2004,955192,,,,,,,,,,,,,,,,,,,,,,,,,,,,,,,,,
New York,2005,1015046.3,,,,,,,,,,,,,,,,,,,,,,,,,,,,,,,,,
New York,2006,1071393.1,,,,,,,,,,,,,,,,,,,,,,,,,,,,,,,,,
New York,2007,1108896,,,,,,,,,,,,,,,,,,,,,,,,,,,,,,,,,
New York,2008,1099234.4,,,,,,,,,,,,,,,,,,,,,,,,,,,,,,,,,
New York,2009,1152812.1,,,,,,,,,,,,,,,,,,,,,,,,,,,,,,,,,
New York,2010,1213946.9,,,,,,,,,,,,,,,,,,,,,,,,,,,,,,,,,
New York,2011,1236061.4,,,,,,,,,,,,,,,,,,,,,,,,,,,,,,,,,
New York,2012,1322447.9,,,,,,,,,,,,,,,,,,,,,,,,,,,,,,,,,
New York,2013,1355581.4,,,,,,,,,,,,,,,,,,,,,,,,,,,,,,,,,
New York,2014,1427495.2,,,,,,,,,,,,,,,,,,,,,,,,,,,,,,,,,
New York,2015,1487754.1,,,,,,,,,,,,,,,,,,,,,,,,,,,,,,,,,
New York,2016,1539555.2,,,,,,,,,,,,,,,,,,,,,,,,,,,,,,,,,
New York,2017,1604133.6,,,,,,,,,,,,,,,,,,,,,,,,,,,,,,,,,
New York,2018,1668866.2,,,,,,,,,,,,,,,,,,,,,,,,,,,,,,,,,
North Carolina,1990,139658.4,,,,,,,,,,,,,,,,,,,,,,,,,,,,,,,,,
North Carolina,1991,146367.5,,,,,,,,,,,,,,,,,,,,,,,,,,,,,,,,,
North Carolina,1992,159337,,,,,,,,,,,,,,,,,,,,,,,,,,,,,,,,,
North Carolina,1993,168005.7,,,,,,,,,,,,,,,,,,,,,,,,,,,,,,,,,
North Carolina,1994,181287.8,,,,,,,,,,,,,,,,,,,,,,,,,,,,,,,,,
North Carolina,1995,193466.7,,,,,,,,,,,,,,,,,,,,,,,,,,,,,,,,,
North Carolina,1996,203815,,,,,,,,,,,,,,,,,,,,,,,,,,,,,,,,,
North Carolina,1997,221258.8,,,,,,,,,,,,,,,,,,,,,,,,,,,,,,,,,
North Carolina,1998,245907.3,,,,,,,,,,,,,,,,,,,,,,,,,,,,,,,,,
North Carolina,1999,264063.5,,,,,,,,,,,,,,,,,,,,,,,,,,,,,,,,,
North Carolina,2000,275694.2,,,,,,,,,,,,,,,,,,,,,,,,,,,,,,,,,
North Carolina,2001,288683.5,,,,,,,,,,,,,,,,,,,,,,,,,,,,,,,,,
North Carolina,2002,298110,,,,,,,,,,,,,,,,,,,,,,,,,,,,,,,,,
North Carolina,2003,309318.2,,,,,,,,,,,,,,,,,,,,,,,,,,,,,,,,,
North Carolina,2004,328037.6,,,,,,,,,,,,,,,,,,,,,,,,,,,,,,,,,
North Carolina,2005,352394.5,,,,,,,,,,,,,,,,,,,,,,,,,,,,,,,,,
North Carolina,2006,383522.3,,,,,,,,,,,,,,,,,,,,,,,,,,,,,,,,,
North Carolina,2007,396347.6,,,,,,,,,,,,,,,,,,,,,,,,,,,,,,,,,
North Carolina,2008,413363.3,,,,,,,,,,,,,,,,,,,,,,,,,,,,,,,,,
North Carolina,2009,406477.4,,,,,,,,,,,,,,,,,,,,,,,,,,,,,,,,,
North Carolina,2010,415206.4,,,,,,,,,,,,,,,,,,,,,,,,,,,,,,,,,
North Carolina,2011,427205.6,,,,,,,,,,,,,,,,,,,,,,,,,,,,,,,,,
North Carolina,2012,439571,,,,,,,,,,,,,,,,,,,,,,,,,,,,,,,,,
North Carolina,2013,455521.6,,,,,,,,,,,,,,,,,,,,,,,,,,,,,,,,,
North Carolina,2014,475994.6,,,,,,,,,,,,,,,,,,,,,,,,,,,,,,,,,
North Carolina,2015,503628.8,,,,,,,,,,,,,,,,,,,,,,,,,,,,,,,,,
North Carolina,2016,519122.1,,,,,,,,,,,,,,,,,,,,,,,,,,,,,,,,,
North Carolina,2017,538401.6,,,,,,,,,,,,,,,,,,,,,,,,,,,,,,,,,
North Carolina,2018,563690.5,,,,,,,,,,,,,,,,,,,,,,,,,,,,,,,,,
North Dakota,1990,11509.1,,,,,,,,,,,,,,,,,,,,,,,,,,,,,,,,,
North Dakota,1991,11691.3,,,,,,,,,,,,,,,,,,,,,,,,,,,,,,,,,
North Dakota,1992,12896.2,,,,,,,,,,,,,,,,,,,,,,,,,,,,,,,,,
North Dakota,1993,13049.3,,,,,,,,,,,,,,,,,,,,,,,,,,,,,,,,,
North Dakota,1994,14303.8,,,,,,,,,,,,,,,,,,,,,,,,,,,,,,,,,
North Dakota,1995,14841.9,,,,,,,,,,,,,,,,,,,,,,,,,,,,,,,,,
North Dakota,1996,16491,,,,,,,,,,,,,,,,,,,,,,,,,,,,,,,,,
North Dakota,1997,16500.7,,,,,,,,,,,,,,,,,,,,,,,,,,,,,,,,,
North Dakota,1998,16792.7,,,,,,,,,,,,,,,,,,,,,,,,,,,,,,,,,
North Dakota,1999,16983.7,,,,,,,,,,,,,,,,,,,,,,,,,,,,,,,,,
North Dakota,2000,17976.1,,,,,,,,,,,,,,,,,,,,,,,,,,,,,,,,,
North Dakota,2001,18919.6,,,,,,,,,,,,,,,,,,,,,,,,,,,,,,,,,
North Dakota,2002,20209,,,,,,,,,,,,,,,,,,,,,,,,,,,,,,,,,
North Dakota,2003,22077.4,,,,,,,,,,,,,,,,,,,,,,,,,,,,,,,,,
North Dakota,2004,23167.8,,,,,,,,,,,,,,,,,,,,,,,,,,,,,,,,,
North Dakota,2005,24417.3,,,,,,,,,,,,,,,,,,,,,,,,,,,,,,,,,
North Dakota,2006,26120,,,,,,,,,,,,,,,,,,,,,,,,,,,,,,,,,
North Dakota,2007,28679.7,,,,,,,,,,,,,,,,,,,,,,,,,,,,,,,,,
North Dakota,2008,31722.1,,,,,,,,,,,,,,,,,,,,,,,,,,,,,,,,,
North Dakota,2009,32002.5,,,,,,,,,,,,,,,,,,,,,,,,,,,,,,,,,
North Dakota,2010,35426.3,,,,,,,,,,,,,,,,,,,,,,,,,,,,,,,,,
North Dakota,2011,41179.2,,,,,,,,,,,,,,,,,,,,,,,,,,,,,,,,,
North Dakota,2012,51345.1,,,,,,,,,,,,,,,,,,,,,,,,,,,,,,,,,
North Dakota,2013,53881.7,,,,,,,,,,,,,,,,,,,,,,,,,,,,,,,,,
North Dakota,2014,58650,,,,,,,,,,,,,,,,,,,,,,,,,,,,,,,,,
North Dakota,2015,55012.2,,,,,,,,,,,,,,,,,,,,,,,,,,,,,,,,,
North Dakota,2016,50833.1,,,,,,,,,,,,,,,,,,,,,,,,,,,,,,,,,
North Dakota,2017,52472.3,,,,,,,,,,,,,,,,,,,,,,,,,,,,,,,,,
North Dakota,2018,56082.3,,,,,,,,,,,,,,,,,,,,,,,,,,,,,,,,,
Ohio,1990,227412.9,,,,,,,,,,,,,,,,,,,,,,,,,,,,,,,,,
Ohio,1991,233975.4,,,,,,,,,,,,,,,,,,,,,,,,,,,,,,,,,
Ohio,1992,250649.6,,,,,,,,,,,,,,,,,,,,,,,,,,,,,,,,,
Ohio,1993,259611.6,,,,,,,,,,,,,,,,,,,,,,,,,,,,,,,,,
Ohio,1994,281924.7,,,,,,,,,,,,,,,,,,,,,,,,,,,,,,,,,
Ohio,1995,297538.2,,,,,,,,,,,,,,,,,,,,,,,,,,,,,,,,,
Ohio,1996,311120.1,,,,,,,,,,,,,,,,,,,,,,,,,,,,,,,,,
Ohio,1997,332475.9,,,,,,,,,,,,,,,,,,,,,,,,,,,,,,,,,
Ohio,1998,361629.1,,,,,,,,,,,,,,,,,,,,,,,,,,,,,,,,,
Ohio,1999,376034.8,,,,,,,,,,,,,,,,,,,,,,,,,,,,,,,,,
Ohio,2000,391137.8,,,,,,,,,,,,,,,,,,,,,,,,,,,,,,,,,
Ohio,2001,395622.5,,,,,,,,,,,,,,,,,,,,,,,,,,,,,,,,,
Ohio,2002,411967,,,,,,,,,,,,,,,,,,,,,,,,,,,,,,,,,
Ohio,2003,424915.5,,,,,,,,,,,,,,,,,,,,,,,,,,,,,,,,,
Ohio,2004,445541.1,,,,,,,,,,,,,,,,,,,,,,,,,,,,,,,,,
Ohio,2005,465809.3,,,,,,,,,,,,,,,,,,,,,,,,,,,,,,,,,
Ohio,2006,477180.4,,,,,,,,,,,,,,,,,,,,,,,,,,,,,,,,,
Ohio,2007,490965,,,,,,,,,,,,,,,,,,,,,,,,,,,,,,,,,
Ohio,2008,495742.6,,,,,,,,,,,,,,,,,,,,,,,,,,,,,,,,,
Ohio,2009,480322,,,,,,,,,,,,,,,,,,,,,,,,,,,,,,,,,
Ohio,2010,497208.2,,,,,,,,,,,,,,,,,,,,,,,,,,,,,,,,,
Ohio,2011,525388.4,,,,,,,,,,,,,,,,,,,,,,,,,,,,,,,,,
Ohio,2012,540819.3,,,,,,,,,,,,,,,,,,,,,,,,,,,,,,,,,
Ohio,2013,561045.5,,,,,,,,,,,,,,,,,,,,,,,,,,,,,,,,,
Ohio,2014,593355.1,,,,,,,,,,,,,,,,,,,,,,,,,,,,,,,,,
Ohio,2015,610772.3,,,,,,,,,,,,,,,,,,,,,,,,,,,,,,,,,
Ohio,2016,622835.2,,,,,,,,,,,,,,,,,,,,,,,,,,,,,,,,,
Ohio,2017,645326,,,,,,,,,,,,,,,,,,,,,,,,,,,,,,,,,
Ohio,2018,675905.2,,,,,,,,,,,,,,,,,,,,,,,,,,,,,,,,,
Oklahoma,1990,57804.8,,,,,,,,,,,,,,,,,,,,,,,,,,,,,,,,,
Oklahoma,1991,59632.1,,,,,,,,,,,,,,,,,,,,,,,,,,,,,,,,,
Oklahoma,1992,62208.5,,,,,,,,,,,,,,,,,,,,,,,,,,,,,,,,,
Oklahoma,1993,65552.1,,,,,,,,,,,,,,,,,,,,,,,,,,,,,,,,,
Oklahoma,1994,68250.7,,,,,,,,,,,,,,,,,,,,,,,,,,,,,,,,,
Oklahoma,1995,70859.4,,,,,,,,,,,,,,,,,,,,,,,,,,,,,,,,,
Oklahoma,1996,76316.3,,,,,,,,,,,,,,,,,,,,,,,,,,,,,,,,,
Oklahoma,1997,81105.7,,,,,,,,,,,,,,,,,,,,,,,,,,,,,,,,,
Oklahoma,1998,81209.1,,,,,,,,,,,,,,,,,,,,,,,,,,,,,,,,,
Oklahoma,1999,84062.9,,,,,,,,,,,,,,,,,,,,,,,,,,,,,,,,,
Oklahoma,2000,90792.7,,,,,,,,,,,,,,,,,,,,,,,,,,,,,,,,,
Oklahoma,2001,96767,,,,,,,,,,,,,,,,,,,,,,,,,,,,,,,,,
Oklahoma,2002,99163,,,,,,,,,,,,,,,,,,,,,,,,,,,,,,,,,
Oklahoma,2003,105243.3,,,,,,,,,,,,,,,,,,,,,,,,,,,,,,,,,
Oklahoma,2004,113148.7,,,,,,,,,,,,,,,,,,,,,,,,,,,,,,,,,
Oklahoma,2005,124563.3,,,,,,,,,,,,,,,,,,,,,,,,,,,,,,,,,
Oklahoma,2006,137083.6,,,,,,,,,,,,,,,,,,,,,,,,,,,,,,,,,
Oklahoma,2007,144893.3,,,,,,,,,,,,,,,,,,,,,,,,,,,,,,,,,
Oklahoma,2008,159660,,,,,,,,,,,,,,,,,,,,,,,,,,,,,,,,,
Oklahoma,2009,145736.4,,,,,,,,,,,,,,,,,,,,,,,,,,,,,,,,,
Oklahoma,2010,152911.4,,,,,,,,,,,,,,,,,,,,,,,,,,,,,,,,,
Oklahoma,2011,165035.6,,,,,,,,,,,,,,,,,,,,,,,,,,,,,,,,,
Oklahoma,2012,173483.7,,,,,,,,,,,,,,,,,,,,,,,,,,,,,,,,,
Oklahoma,2013,182618.4,,,,,,,,,,,,,,,,,,,,,,,,,,,,,,,,,
Oklahoma,2014,195023.2,,,,,,,,,,,,,,,,,,,,,,,,,,,,,,,,,
Oklahoma,2015,185936.7,,,,,,,,,,,,,,,,,,,,,,,,,,,,,,,,,
Oklahoma,2016,178913.2,,,,,,,,,,,,,,,,,,,,,,,,,,,,,,,,,
Oklahoma,2017,188368.1,,,,,,,,,,,,,,,,,,,,,,,,,,,,,,,,,
Oklahoma,2018,202554.1,,,,,,,,,,,,,,,,,,,,,,,,,,,,,,,,,
Oregon,1990,56565.6,,,,,,,,,,,,,,,,,,,,,,,,,,,,,,,,,
Oregon,1991,59441,,,,,,,,,,,,,,,,,,,,,,,,,,,,,,,,,
Oregon,1992,63392.3,,,,,,,,,,,,,,,,,,,,,,,,,,,,,,,,,
Oregon,1993,69408.5,,,,,,,,,,,,,,,,,,,,,,,,,,,,,,,,,
Oregon,1994,75393.1,,,,,,,,,,,,,,,,,,,,,,,,,,,,,,,,,
Oregon,1995,81553.7,,,,,,,,,,,,,,,,,,,,,,,,,,,,,,,,,
Oregon,1996,93306.4,,,,,,,,,,,,,,,,,,,,,,,,,,,,,,,,,
Oregon,1997,100363,,,,,,,,,,,,,,,,,,,,,,,,,,,,,,,,,
Oregon,1998,105111.5,,,,,,,,,,,,,,,,,,,,,,,,,,,,,,,,,
Oregon,1999,107546.3,,,,,,,,,,,,,,,,,,,,,,,,,,,,,,,,,
Oregon,2000,117258.3,,,,,,,,,,,,,,,,,,,,,,,,,,,,,,,,,
Oregon,2001,117274.7,,,,,,,,,,,,,,,,,,,,,,,,,,,,,,,,,
Oregon,2002,121229.5,,,,,,,,,,,,,,,,,,,,,,,,,,,,,,,,,
Oregon,2003,127211.6,,,,,,,,,,,,,,,,,,,,,,,,,,,,,,,,,
Oregon,2004,136238.5,,,,,,,,,,,,,,,,,,,,,,,,,,,,,,,,,
Oregon,2005,143662.6,,,,,,,,,,,,,,,,,,,,,,,,,,,,,,,,,
Oregon,2006,155153.3,,,,,,,,,,,,,,,,,,,,,,,,,,,,,,,,,
Oregon,2007,161512,,,,,,,,,,,,,,,,,,,,,,,,,,,,,,,,,
Oregon,2008,165189.1,,,,,,,,,,,,,,,,,,,,,,,,,,,,,,,,,
Oregon,2009,160640.7,,,,,,,,,,,,,,,,,,,,,,,,,,,,,,,,,
Oregon,2010,163827.6,,,,,,,,,,,,,,,,,,,,,,,,,,,,,,,,,
Oregon,2011,170621.3,,,,,,,,,,,,,,,,,,,,,,,,,,,,,,,,,
Oregon,2012,174493.1,,,,,,,,,,,,,,,,,,,,,,,,,,,,,,,,,
Oregon,2013,179382.7,,,,,,,,,,,,,,,,,,,,,,,,,,,,,,,,,
Oregon,2014,188880.2,,,,,,,,,,,,,,,,,,,,,,,,,,,,,,,,,
Oregon,2015,203158.9,,,,,,,,,,,,,,,,,,,,,,,,,,,,,,,,,
Oregon,2016,215050.4,,,,,,,,,,,,,,,,,,,,,,,,,,,,,,,,,
Oregon,2017,226618.9,,,,,,,,,,,,,,,,,,,,,,,,,,,,,,,,,
Oregon,2018,239782.8,,,,,,,,,,,,,,,,,,,,,,,,,,,,,,,,,
Pennsylvania,1990,245280.8,,,,,,,,,,,,,,,,,,,,,,,,,,,,,,,,,
Pennsylvania,1991,255162.7,,,,,,,,,,,,,,,,,,,,,,,,,,,,,,,,,
Pennsylvania,1992,269849.2,,,,,,,,,,,,,,,,,,,,,,,,,,,,,,,,,
Pennsylvania,1993,281703.7,,,,,,,,,,,,,,,,,,,,,,,,,,,,,,,,,
Pennsylvania,1994,296601.6,,,,,,,,,,,,,,,,,,,,,,,,,,,,,,,,,
Pennsylvania,1995,312989.4,,,,,,,,,,,,,,,,,,,,,,,,,,,,,,,,,
Pennsylvania,1996,325000.7,,,,,,,,,,,,,,,,,,,,,,,,,,,,,,,,,
Pennsylvania,1997,342661.8,,,,,,,,,,,,,,,,,,,,,,,,,,,,,,,,,
Pennsylvania,1998,372738.5,,,,,,,,,,,,,,,,,,,,,,,,,,,,,,,,,
Pennsylvania,1999,389715.7,,,,,,,,,,,,,,,,,,,,,,,,,,,,,,,,,
Pennsylvania,2000,407652.8,,,,,,,,,,,,,,,,,,,,,,,,,,,,,,,,,
Pennsylvania,2001,424965.2,,,,,,,,,,,,,,,,,,,,,,,,,,,,,,,,,
Pennsylvania,2002,436985.5,,,,,,,,,,,,,,,,,,,,,,,,,,,,,,,,,
Pennsylvania,2003,455106.8,,,,,,,,,,,,,,,,,,,,,,,,,,,,,,,,,
Pennsylvania,2004,481738.9,,,,,,,,,,,,,,,,,,,,,,,,,,,,,,,,,
Pennsylvania,2005,505584.6,,,,,,,,,,,,,,,,,,,,,,,,,,,,,,,,,
Pennsylvania,2006,526396.3,,,,,,,,,,,,,,,,,,,,,,,,,,,,,,,,,
Pennsylvania,2007,560753.4,,,,,,,,,,,,,,,,,,,,,,,,,,,,,,,,,
Pennsylvania,2008,582240.2,,,,,,,,,,,,,,,,,,,,,,,,,,,,,,,,,
Pennsylvania,2009,577379.8,,,,,,,,,,,,,,,,,,,,,,,,,,,,,,,,,
Pennsylvania,2010,599312.8,,,,,,,,,,,,,,,,,,,,,,,,,,,,,,,,,
Pennsylvania,2011,618987.7,,,,,,,,,,,,,,,,,,,,,,,,,,,,,,,,,
Pennsylvania,2012,641317.3,,,,,,,,,,,,,,,,,,,,,,,,,,,,,,,,,
Pennsylvania,2013,663900.8,,,,,,,,,,,,,,,,,,,,,,,,,,,,,,,,,
Pennsylvania,2014,691187.5,,,,,,,,,,,,,,,,,,,,,,,,,,,,,,,,,
Pennsylvania,2015,711205.4,,,,,,,,,,,,,,,,,,,,,,,,,,,,,,,,,
Pennsylvania,2016,726163.9,,,,,,,,,,,,,,,,,,,,,,,,,,,,,,,,,
Pennsylvania,2017,744290.1,,,,,,,,,,,,,,,,,,,,,,,,,,,,,,,,,
Pennsylvania,2018,783167.8,,,,,,,,,,,,,,,,,,,,,,,,,,,,,,,,,
Rhode Island,1990,21663.9,,,,,,,,,,,,,,,,,,,,,,,,,,,,,,,,,
Rhode Island,1991,21737.8,,,,,,,,,,,,,,,,,,,,,,,,,,,,,,,,,
Rhode Island,1992,22665.2,,,,,,,,,,,,,,,,,,,,,,,,,,,,,,,,,
Rhode Island,1993,23566.4,,,,,,,,,,,,,,,,,,,,,,,,,,,,,,,,,
Rhode Island,1994,24353.7,,,,,,,,,,,,,,,,,,,,,,,,,,,,,,,,,
Rhode Island,1995,25549.8,,,,,,,,,,,,,,,,,,,,,,,,,,,,,,,,,
Rhode Island,1996,26453.7,,,,,,,,,,,,,,,,,,,,,,,,,,,,,,,,,
Rhode Island,1997,28717.4,,,,,,,,,,,,,,,,,,,,,,,,,,,,,,,,,
Rhode Island,1998,30719.9,,,,,,,,,,,,,,,,,,,,,,,,,,,,,,,,,
Rhode Island,1999,32295.5,,,,,,,,,,,,,,,,,,,,,,,,,,,,,,,,,
Rhode Island,2000,34516.4,,,,,,,,,,,,,,,,,,,,,,,,,,,,,,,,,
Rhode Island,2001,35992.1,,,,,,,,,,,,,,,,,,,,,,,,,,,,,,,,,
Rhode Island,2002,38132.1,,,,,,,,,,,,,,,,,,,,,,,,,,,,,,,,,
Rhode Island,2003,40272.8,,,,,,,,,,,,,,,,,,,,,,,,,,,,,,,,,
Rhode Island,2004,43245.6,,,,,,,,,,,,,,,,,,,,,,,,,,,,,,,,,
Rhode Island,2005,45162.4,,,,,,,,,,,,,,,,,,,,,,,,,,,,,,,,,
Rhode Island,2006,47711.8,,,,,,,,,,,,,,,,,,,,,,,,,,,,,,,,,
Rhode Island,2007,47845.6,,,,,,,,,,,,,,,,,,,,,,,,,,,,,,,,,
Rhode Island,2008,47107.8,,,,,,,,,,,,,,,,,,,,,,,,,,,,,,,,,
Rhode Island,2009,47901.4,,,,,,,,,,,,,,,,,,,,,,,,,,,,,,,,,
Rhode Island,2010,49571.8,,,,,,,,,,,,,,,,,,,,,,,,,,,,,,,,,
Rhode Island,2011,50175.9,,,,,,,,,,,,,,,,,,,,,,,,,,,,,,,,,
Rhode Island,2012,51642,,,,,,,,,,,,,,,,,,,,,,,,,,,,,,,,,
Rhode Island,2013,53209.9,,,,,,,,,,,,,,,,,,,,,,,,,,,,,,,,,
Rhode Island,2014,54427.3,,,,,,,,,,,,,,,,,,,,,,,,,,,,,,,,,
Rhode Island,2015,56759.4,,,,,,,,,,,,,,,,,,,,,,,,,,,,,,,,,
Rhode Island,2016,57693.9,,,,,,,,,,,,,,,,,,,,,,,,,,,,,,,,,
Rhode Island,2017,58506.3,,,,,,,,,,,,,,,,,,,,,,,,,,,,,,,,,
Rhode Island,2018,60587.6,,,,,,,,,,,,,,,,,,,,,,,,,,,,,,,,,
South Carolina,1990,65156.9,,,,,,,,,,,,,,,,,,,,,,,,,,,,,,,,,
South Carolina,1991,68000.3,,,,,,,,,,,,,,,,,,,,,,,,,,,,,,,,,
South Carolina,1992,71848,,,,,,,,,,,,,,,,,,,,,,,,,,,,,,,,,
South Carolina,1993,76158.3,,,,,,,,,,,,,,,,,,,,,,,,,,,,,,,,,
South Carolina,1994,82061.5,,,,,,,,,,,,,,,,,,,,,,,,,,,,,,,,,
South Carolina,1995,87247.7,,,,,,,,,,,,,,,,,,,,,,,,,,,,,,,,,
South Carolina,1996,90754.8,,,,,,,,,,,,,,,,,,,,,,,,,,,,,,,,,
South Carolina,1997,96465,,,,,,,,,,,,,,,,,,,,,,,,,,,,,,,,,
South Carolina,1998,103642.6,,,,,,,,,,,,,,,,,,,,,,,,,,,,,,,,,
South Carolina,1999,110251.8,,,,,,,,,,,,,,,,,,,,,,,,,,,,,,,,,
South Carolina,2000,115246.8,,,,,,,,,,,,,,,,,,,,,,,,,,,,,,,,,
South Carolina,2001,119301.4,,,,,,,,,,,,,,,,,,,,,,,,,,,,,,,,,
South Carolina,2002,124160.1,,,,,,,,,,,,,,,,,,,,,,,,,,,,,,,,,
South Carolina,2003,130337.4,,,,,,,,,,,,,,,,,,,,,,,,,,,,,,,,,
South Carolina,2004,135160.1,,,,,,,,,,,,,,,,,,,,,,,,,,,,,,,,,
South Carolina,2005,142616.6,,,,,,,,,,,,,,,,,,,,,,,,,,,,,,,,,
South Carolina,2006,150659.1,,,,,,,,,,,,,,,,,,,,,,,,,,,,,,,,,
South Carolina,2007,159362.5,,,,,,,,,,,,,,,,,,,,,,,,,,,,,,,,,
South Carolina,2008,161804.7,,,,,,,,,,,,,,,,,,,,,,,,,,,,,,,,,
South Carolina,2009,159835.6,,,,,,,,,,,,,,,,,,,,,,,,,,,,,,,,,
South Carolina,2010,163856.8,,,,,,,,,,,,,,,,,,,,,,,,,,,,,,,,,
South Carolina,2011,170087.2,,,,,,,,,,,,,,,,,,,,,,,,,,,,,,,,,
South Carolina,2012,175374.8,,,,,,,,,,,,,,,,,,,,,,,,,,,,,,,,,
South Carolina,2013,183014.9,,,,,,,,,,,,,,,,,,,,,,,,,,,,,,,,,
South Carolina,2014,191938.2,,,,,,,,,,,,,,,,,,,,,,,,,,,,,,,,,
South Carolina,2015,203920.9,,,,,,,,,,,,,,,,,,,,,,,,,,,,,,,,,
South Carolina,2016,212987.4,,,,,,,,,,,,,,,,,,,,,,,,,,,,,,,,,
South Carolina,2017,223111.1,,,,,,,,,,,,,,,,,,,,,,,,,,,,,,,,,
South Carolina,2018,233929.9,,,,,,,,,,,,,,,,,,,,,,,,,,,,,,,,,
South Dakota,1990,12770.3,,,,,,,,,,,,,,,,,,,,,,,,,,,,,,,,,
South Dakota,1991,13736.1,,,,,,,,,,,,,,,,,,,,,,,,,,,,,,,,,
South Dakota,1992,14885.5,,,,,,,,,,,,,,,,,,,,,,,,,,,,,,,,,
South Dakota,1993,16104.5,,,,,,,,,,,,,,,,,,,,,,,,,,,,,,,,,
South Dakota,1994,17329.6,,,,,,,,,,,,,,,,,,,,,,,,,,,,,,,,,
South Dakota,1995,18053.8,,,,,,,,,,,,,,,,,,,,,,,,,,,,,,,,,
South Dakota,1996,19418.7,,,,,,,,,,,,,,,,,,,,,,,,,,,,,,,,,
South Dakota,1997,19764.6,,,,,,,,,,,,,,,,,,,,,,,,,,,,,,,,,
South Dakota,1998,20184.7,,,,,,,,,,,,,,,,,,,,,,,,,,,,,,,,,
South Dakota,1999,21050.8,,,,,,,,,,,,,,,,,,,,,,,,,,,,,,,,,
South Dakota,2000,22690.7,,,,,,,,,,,,,,,,,,,,,,,,,,,,,,,,,
South Dakota,2001,23512.8,,,,,,,,,,,,,,,,,,,,,,,,,,,,,,,,,
South Dakota,2002,26337.5,,,,,,,,,,,,,,,,,,,,,,,,,,,,,,,,,
South Dakota,2003,27445,,,,,,,,,,,,,,,,,,,,,,,,,,,,,,,,,
South Dakota,2004,29628.9,,,,,,,,,,,,,,,,,,,,,,,,,,,,,,,,,
South Dakota,2005,30659.4,,,,,,,,,,,,,,,,,,,,,,,,,,,,,,,,,
South Dakota,2006,31898.6,,,,,,,,,,,,,,,,,,,,,,,,,,,,,,,,,
South Dakota,2007,34701.6,,,,,,,,,,,,,,,,,,,,,,,,,,,,,,,,,
South Dakota,2008,36668.5,,,,,,,,,,,,,,,,,,,,,,,,,,,,,,,,,
South Dakota,2009,36193.1,,,,,,,,,,,,,,,,,,,,,,,,,,,,,,,,,
South Dakota,2010,37484.4,,,,,,,,,,,,,,,,,,,,,,,,,,,,,,,,,
South Dakota,2011,41541.5,,,,,,,,,,,,,,,,,,,,,,,,,,,,,,,,,
South Dakota,2012,43444.6,,,,,,,,,,,,,,,,,,,,,,,,,,,,,,,,,
South Dakota,2013,44814.9,,,,,,,,,,,,,,,,,,,,,,,,,,,,,,,,,
South Dakota,2014,46046.5,,,,,,,,,,,,,,,,,,,,,,,,,,,,,,,,,
South Dakota,2015,47752.3,,,,,,,,,,,,,,,,,,,,,,,,,,,,,,,,,
South Dakota,2016,48606.1,,,,,,,,,,,,,,,,,,,,,,,,,,,,,,,,,
South Dakota,2017,49738.7,,,,,,,,,,,,,,,,,,,,,,,,,,,,,,,,,
South Dakota,2018,52014.9,,,,,,,,,,,,,,,,,,,,,,,,,,,,,,,,,
Tennessee,1990,94086.7,,,,,,,,,,,,,,,,,,,,,,,,,,,,,,,,,
Tennessee,1991,101208.4,,,,,,,,,,,,,,,,,,,,,,,,,,,,,,,,,
Tennessee,1992,111660.4,,,,,,,,,,,,,,,,,,,,,,,,,,,,,,,,,
Tennessee,1993,119567.6,,,,,,,,,,,,,,,,,,,,,,,,,,,,,,,,,
Tennessee,1994,129895.2,,,,,,,,,,,,,,,,,,,,,,,,,,,,,,,,,
Tennessee,1995,137061.2,,,,,,,,,,,,,,,,,,,,,,,,,,,,,,,,,
Tennessee,1996,143162.6,,,,,,,,,,,,,,,,,,,,,,,,,,,,,,,,,
Tennessee,1997,152687.3,,,,,,,,,,,,,,,,,,,,,,,,,,,,,,,,,
Tennessee,1998,167308.4,,,,,,,,,,,,,,,,,,,,,,,,,,,,,,,,,
Tennessee,1999,175819.8,,,,,,,,,,,,,,,,,,,,,,,,,,,,,,,,,
Tennessee,2000,181629.5,,,,,,,,,,,,,,,,,,,,,,,,,,,,,,,,,
Tennessee,2001,185774.7,,,,,,,,,,,,,,,,,,,,,,,,,,,,,,,,,
Tennessee,2002,195289.2,,,,,,,,,,,,,,,,,,,,,,,,,,,,,,,,,
Tennessee,2003,203833.7,,,,,,,,,,,,,,,,,,,,,,,,,,,,,,,,,
Tennessee,2004,218020.6,,,,,,,,,,,,,,,,,,,,,,,,,,,,,,,,,
Tennessee,2005,228099.4,,,,,,,,,,,,,,,,,,,,,,,,,,,,,,,,,
Tennessee,2006,240193.9,,,,,,,,,,,,,,,,,,,,,,,,,,,,,,,,,
Tennessee,2007,244252.4,,,,,,,,,,,,,,,,,,,,,,,,,,,,,,,,,
Tennessee,2008,251609,,,,,,,,,,,,,,,,,,,,,,,,,,,,,,,,,
Tennessee,2009,250544.4,,,,,,,,,,,,,,,,,,,,,,,,,,,,,,,,,
Tennessee,2010,255935.8,,,,,,,,,,,,,,,,,,,,,,,,,,,,,,,,,
Tennessee,2011,267659.1,,,,,,,,,,,,,,,,,,,,,,,,,,,,,,,,,
Tennessee,2012,283721.8,,,,,,,,,,,,,,,,,,,,,,,,,,,,,,,,,
Tennessee,2013,292803.9,,,,,,,,,,,,,,,,,,,,,,,,,,,,,,,,,
Tennessee,2014,303809,,,,,,,,,,,,,,,,,,,,,,,,,,,,,,,,,
Tennessee,2015,322663.6,,,,,,,,,,,,,,,,,,,,,,,,,,,,,,,,,
Tennessee,2016,335025.7,,,,,,,,,,,,,,,,,,,,,,,,,,,,,,,,,
Tennessee,2017,345949.8,,,,,,,,,,,,,,,,,,,,,,,,,,,,,,,,,
Tennessee,2018,364104.9,,,,,,,,,,,,,,,,,,,,,,,,,,,,,,,,,
Texas,1990,378943.1,,,,,,,,,,,,,,,,,,,,,,,,,,,,,,,,,
Texas,1991,393573.9,,,,,,,,,,,,,,,,,,,,,,,,,,,,,,,,,
Texas,1992,416401.3,,,,,,,,,,,,,,,,,,,,,,,,,,,,,,,,,
Texas,1993,443775.4,,,,,,,,,,,,,,,,,,,,,,,,,,,,,,,,,
Texas,1994,475989.7,,,,,,,,,,,,,,,,,,,,,,,,,,,,,,,,,
Texas,1995,507725.3,,,,,,,,,,,,,,,,,,,,,,,,,,,,,,,,,
Texas,1996,551512.5,,,,,,,,,,,,,,,,,,,,,,,,,,,,,,,,,
Texas,1997,606982.2,,,,,,,,,,,,,,,,,,,,,,,,,,,,,,,,,
Texas,1998,645696.9,,,,,,,,,,,,,,,,,,,,,,,,,,,,,,,,,
Texas,1999,681335.4,,,,,,,,,,,,,,,,,,,,,,,,,,,,,,,,,
Texas,2000,738871,,,,,,,,,,,,,,,,,,,,,,,,,,,,,,,,,
Texas,2001,773006.7,,,,,,,,,,,,,,,,,,,,,,,,,,,,,,,,,
Texas,2002,787257.8,,,,,,,,,,,,,,,,,,,,,,,,,,,,,,,,,
Texas,2003,829764.4,,,,,,,,,,,,,,,,,,,,,,,,,,,,,,,,,
Texas,2004,906321,,,,,,,,,,,,,,,,,,,,,,,,,,,,,,,,,
Texas,2005,986401.3,,,,,,,,,,,,,,,,,,,,,,,,,,,,,,,,,
Texas,2006,1085294.9,,,,,,,,,,,,,,,,,,,,,,,,,,,,,,,,,
Texas,2007,1178583.1,,,,,,,,,,,,,,,,,,,,,,,,,,,,,,,,,
Texas,2008,1237394.9,,,,,,,,,,,,,,,,,,,,,,,,,,,,,,,,,
Texas,2009,1163401.3,,,,,,,,,,,,,,,,,,,,,,,,,,,,,,,,,
Texas,2010,1237196.8,,,,,,,,,,,,,,,,,,,,,,,,,,,,,,,,,
Texas,2011,1331220.6,,,,,,,,,,,,,,,,,,,,,,,,,,,,,,,,,
Texas,2012,1411378.7,,,,,,,,,,,,,,,,,,,,,,,,,,,,,,,,,
Texas,2013,1502249.8,,,,,,,,,,,,,,,,,,,,,,,,,,,,,,,,,
Texas,2014,1572818.4,,,,,,,,,,,,,,,,,,,,,,,,,,,,,,,,,
Texas,2015,1568457,,,,,,,,,,,,,,,,,,,,,,,,,,,,,,,,,
Texas,2016,1565632.2,,,,,,,,,,,,,,,,,,,,,,,,,,,,,,,,,
Texas,2017,1665631.8,,,,,,,,,,,,,,,,,,,,,,,,,,,,,,,,,
Texas,2018,1802511.2,,,,,,,,,,,,,,,,,,,,,,,,,,,,,,,,,
Utah,1990,31249.3,,,,,,,,,,,,,,,,,,,,,,,,,,,,,,,,,
Utah,1991,33501,,,,,,,,,,,,,,,,,,,,,,,,,,,,,,,,,
Utah,1992,35602.3,,,,,,,,,,,,,,,,,,,,,,,,,,,,,,,,,
Utah,1993,38631.4,,,,,,,,,,,,,,,,,,,,,,,,,,,,,,,,,
Utah,1994,42591.1,,,,,,,,,,,,,,,,,,,,,,,,,,,,,,,,,
Utah,1995,46746.4,,,,,,,,,,,,,,,,,,,,,,,,,,,,,,,,,
Utah,1996,52016,,,,,,,,,,,,,,,,,,,,,,,,,,,,,,,,,
Utah,1997,55211.9,,,,,,,,,,,,,,,,,,,,,,,,,,,,,,,,,
Utah,1998,62291.4,,,,,,,,,,,,,,,,,,,,,,,,,,,,,,,,,
Utah,1999,66022.6,,,,,,,,,,,,,,,,,,,,,,,,,,,,,,,,,
Utah,2000,70291.8,,,,,,,,,,,,,,,,,,,,,,,,,,,,,,,,,
Utah,2001,73226,,,,,,,,,,,,,,,,,,,,,,,,,,,,,,,,,
Utah,2002,75998.8,,,,,,,,,,,,,,,,,,,,,,,,,,,,,,,,,
Utah,2003,79149.1,,,,,,,,,,,,,,,,,,,,,,,,,,,,,,,,,
Utah,2004,85701.9,,,,,,,,,,,,,,,,,,,,,,,,,,,,,,,,,
Utah,2005,94194.9,,,,,,,,,,,,,,,,,,,,,,,,,,,,,,,,,
Utah,2006,106124.2,,,,,,,,,,,,,,,,,,,,,,,,,,,,,,,,,
Utah,2007,114652.7,,,,,,,,,,,,,,,,,,,,,,,,,,,,,,,,,
Utah,2008,115985.4,,,,,,,,,,,,,,,,,,,,,,,,,,,,,,,,,
Utah,2009,113332.9,,,,,,,,,,,,,,,,,,,,,,,,,,,,,,,,,
Utah,2010,117960.5,,,,,,,,,,,,,,,,,,,,,,,,,,,,,,,,,
Utah,2011,124539.4,,,,,,,,,,,,,,,,,,,,,,,,,,,,,,,,,
Utah,2012,128721,,,,,,,,,,,,,,,,,,,,,,,,,,,,,,,,,
Utah,2013,134252.1,,,,,,,,,,,,,,,,,,,,,,,,,,,,,,,,,
Utah,2014,141259.7,,,,,,,,,,,,,,,,,,,,,,,,,,,,,,,,,
Utah,2015,149371.6,,,,,,,,,,,,,,,,,,,,,,,,,,,,,,,,,
Utah,2016,157883.3,,,,,,,,,,,,,,,,,,,,,,,,,,,,,,,,,
Utah,2017,167254.6,,,,,,,,,,,,,,,,,,,,,,,,,,,,,,,,,
Utah,2018,178137.6,,,,,,,,,,,,,,,,,,,,,,,,,,,,,,,,,
Vermont,1990,11673.6,,,,,,,,,,,,,,,,,,,,,,,,,,,,,,,,,
Vermont,1991,11732.6,,,,,,,,,,,,,,,,,,,,,,,,,,,,,,,,,
Vermont,1992,12538.3,,,,,,,,,,,,,,,,,,,,,,,,,,,,,,,,,
Vermont,1993,13026.9,,,,,,,,,,,,,,,,,,,,,,,,,,,,,,,,,
Vermont,1994,13689.2,,,,,,,,,,,,,,,,,,,,,,,,,,,,,,,,,
Vermont,1995,13891.4,,,,,,,,,,,,,,,,,,,,,,,,,,,,,,,,,
Vermont,1996,14672.4,,,,,,,,,,,,,,,,,,,,,,,,,,,,,,,,,
Vermont,1997,15521.1,,,,,,,,,,,,,,,,,,,,,,,,,,,,,,,,,
Vermont,1998,16073.1,,,,,,,,,,,,,,,,,,,,,,,,,,,,,,,,,
Vermont,1999,17159.3,,,,,,,,,,,,,,,,,,,,,,,,,,,,,,,,,
Vermont,2000,18311.9,,,,,,,,,,,,,,,,,,,,,,,,,,,,,,,,,
Vermont,2001,19274.1,,,,,,,,,,,,,,,,,,,,,,,,,,,,,,,,,
Vermont,2002,20163.3,,,,,,,,,,,,,,,,,,,,,,,,,,,,,,,,,
Vermont,2003,21130.1,,,,,,,,,,,,,,,,,,,,,,,,,,,,,,,,,
Vermont,2004,22666,,,,,,,,,,,,,,,,,,,,,,,,,,,,,,,,,
Vermont,2005,23509.3,,,,,,,,,,,,,,,,,,,,,,,,,,,,,,,,,
Vermont,2006,24309.8,,,,,,,,,,,,,,,,,,,,,,,,,,,,,,,,,
Vermont,2007,24696.8,,,,,,,,,,,,,,,,,,,,,,,,,,,,,,,,,
Vermont,2008,25678,,,,,,,,,,,,,,,,,,,,,,,,,,,,,,,,,
Vermont,2009,25867.8,,,,,,,,,,,,,,,,,,,,,,,,,,,,,,,,,
Vermont,2010,27108.4,,,,,,,,,,,,,,,,,,,,,,,,,,,,,,,,,
Vermont,2011,28135.1,,,,,,,,,,,,,,,,,,,,,,,,,,,,,,,,,
Vermont,2012,28887.4,,,,,,,,,,,,,,,,,,,,,,,,,,,,,,,,,
Vermont,2013,29098.8,,,,,,,,,,,,,,,,,,,,,,,,,,,,,,,,,
Vermont,2014,29701.3,,,,,,,,,,,,,,,,,,,,,,,,,,,,,,,,,
Vermont,2015,30729.6,,,,,,,,,,,,,,,,,,,,,,,,,,,,,,,,,
Vermont,2016,31659,,,,,,,,,,,,,,,,,,,,,,,,,,,,,,,,,
Vermont,2017,32209.8,,,,,,,,,,,,,,,,,,,,,,,,,,,,,,,,,
Vermont,2018,33256.3,,,,,,,,,,,,,,,,,,,,,,,,,,,,,,,,,
Virginia,1990,144970.6,,,,,,,,,,,,,,,,,,,,,,,,,,,,,,,,,
Virginia,1991,151092.6,,,,,,,,,,,,,,,,,,,,,,,,,,,,,,,,,
Virginia,1992,158990.2,,,,,,,,,,,,,,,,,,,,,,,,,,,,,,,,,
Virginia,1993,167688.4,,,,,,,,,,,,,,,,,,,,,,,,,,,,,,,,,
Virginia,1994,177057.3,,,,,,,,,,,,,,,,,,,,,,,,,,,,,,,,,
Virginia,1995,186235.6,,,,,,,,,,,,,,,,,,,,,,,,,,,,,,,,,
Virginia,1996,197756.4,,,,,,,,,,,,,,,,,,,,,,,,,,,,,,,,,
Virginia,1997,210360.6,,,,,,,,,,,,,,,,,,,,,,,,,,,,,,,,,
Virginia,1998,233095.5,,,,,,,,,,,,,,,,,,,,,,,,,,,,,,,,,
Virginia,1999,249798.3,,,,,,,,,,,,,,,,,,,,,,,,,,,,,,,,,
Virginia,2000,266886.4,,,,,,,,,,,,,,,,,,,,,,,,,,,,,,,,,
Virginia,2001,284001.9,,,,,,,,,,,,,,,,,,,,,,,,,,,,,,,,,
Virginia,2002,293275.9,,,,,,,,,,,,,,,,,,,,,,,,,,,,,,,,,
Virginia,2003,309981.2,,,,,,,,,,,,,,,,,,,,,,,,,,,,,,,,,
Virginia,2004,332250.6,,,,,,,,,,,,,,,,,,,,,,,,,,,,,,,,,
Virginia,2005,360299.8,,,,,,,,,,,,,,,,,,,,,,,,,,,,,,,,,
Virginia,2006,379129.4,,,,,,,,,,,,,,,,,,,,,,,,,,,,,,,,,
Virginia,2007,392917.3,,,,,,,,,,,,,,,,,,,,,,,,,,,,,,,,,
Virginia,2008,399032.1,,,,,,,,,,,,,,,,,,,,,,,,,,,,,,,,,
Virginia,2009,408918.7,,,,,,,,,,,,,,,,,,,,,,,,,,,,,,,,,
Virginia,2010,422902,,,,,,,,,,,,,,,,,,,,,,,,,,,,,,,,,
Virginia,2011,432392.7,,,,,,,,,,,,,,,,,,,,,,,,,,,,,,,,,
Virginia,2012,444950,,,,,,,,,,,,,,,,,,,,,,,,,,,,,,,,,
Virginia,2013,455070,,,,,,,,,,,,,,,,,,,,,,,,,,,,,,,,,
Virginia,2014,463477.6,,,,,,,,,,,,,,,,,,,,,,,,,,,,,,,,,
Virginia,2015,484216.6,,,,,,,,,,,,,,,,,,,,,,,,,,,,,,,,,
Virginia,2016,493877.9,,,,,,,,,,,,,,,,,,,,,,,,,,,,,,,,,
Virginia,2017,509372.8,,,,,,,,,,,,,,,,,,,,,,,,,,,,,,,,,
Virginia,2018,532892.5,,,,,,,,,,,,,,,,,,,,,,,,,,,,,,,,,
Washington,1990,118640.2,,,,,,,,,,,,,,,,,,,,,,,,,,,,,,,,,
Washington,1991,125895,,,,,,,,,,,,,,,,,,,,,,,,,,,,,,,,,
Washington,1992,134469,,,,,,,,,,,,,,,,,,,,,,,,,,,,,,,,,
Washington,1993,142499.7,,,,,,,,,,,,,,,,,,,,,,,,,,,,,,,,,
Washington,1994,150805.2,,,,,,,,,,,,,,,,,,,,,,,,,,,,,,,,,
Washington,1995,155068.6,,,,,,,,,,,,,,,,,,,,,,,,,,,,,,,,,
Washington,1996,166539.8,,,,,,,,,,,,,,,,,,,,,,,,,,,,,,,,,
Washington,1997,179639.5,,,,,,,,,,,,,,,,,,,,,,,,,,,,,,,,,
Washington,1998,210205,,,,,,,,,,,,,,,,,,,,,,,,,,,,,,,,,
Washington,1999,230554.9,,,,,,,,,,,,,,,,,,,,,,,,,,,,,,,,,
Washington,2000,237831.8,,,,,,,,,,,,,,,,,,,,,,,,,,,,,,,,,
Washington,2001,239425.7,,,,,,,,,,,,,,,,,,,,,,,,,,,,,,,,,
Washington,2002,248189.1,,,,,,,,,,,,,,,,,,,,,,,,,,,,,,,,,
Washington,2003,258262.8,,,,,,,,,,,,,,,,,,,,,,,,,,,,,,,,,
Washington,2004,270115.2,,,,,,,,,,,,,,,,,,,,,,,,,,,,,,,,,
Washington,2005,296100.7,,,,,,,,,,,,,,,,,,,,,,,,,,,,,,,,,
Washington,2006,317167.2,,,,,,,,,,,,,,,,,,,,,,,,,,,,,,,,,
Washington,2007,346442.8,,,,,,,,,,,,,,,,,,,,,,,,,,,,,,,,,
Washington,2008,355677.8,,,,,,,,,,,,,,,,,,,,,,,,,,,,,,,,,
Washington,2009,353632,,,,,,,,,,,,,,,,,,,,,,,,,,,,,,,,,
Washington,2010,365551.9,,,,,,,,,,,,,,,,,,,,,,,,,,,,,,,,,
Washington,2011,379539,,,,,,,,,,,,,,,,,,,,,,,,,,,,,,,,,
Washington,2012,400863.3,,,,,,,,,,,,,,,,,,,,,,,,,,,,,,,,,
Washington,2013,419345,,,,,,,,,,,,,,,,,,,,,,,,,,,,,,,,,
Washington,2014,442201.3,,,,,,,,,,,,,,,,,,,,,,,,,,,,,,,,,
Washington,2015,470329.3,,,,,,,,,,,,,,,,,,,,,,,,,,,,,,,,,
Washington,2016,491358.2,,,,,,,,,,,,,,,,,,,,,,,,,,,,,,,,,
Washington,2017,524814.6,,,,,,,,,,,,,,,,,,,,,,,,,,,,,,,,,
Washington,2018,565831,,,,,,,,,,,,,,,,,,,,,,,,,,,,,,,,,
West Virginia,1990,27754.3,,,,,,,,,,,,,,,,,,,,,,,,,,,,,,,,,
West Virginia,1991,29092.1,,,,,,,,,,,,,,,,,,,,,,,,,,,,,,,,,
West Virginia,1992,30410.3,,,,,,,,,,,,,,,,,,,,,,,,,,,,,,,,,
West Virginia,1993,31881.4,,,,,,,,,,,,,,,,,,,,,,,,,,,,,,,,,
West Virginia,1994,34592.1,,,,,,,,,,,,,,,,,,,,,,,,,,,,,,,,,
West Virginia,1995,36148.7,,,,,,,,,,,,,,,,,,,,,,,,,,,,,,,,,
West Virginia,1996,37224.2,,,,,,,,,,,,,,,,,,,,,,,,,,,,,,,,,
West Virginia,1997,38570,,,,,,,,,,,,,,,,,,,,,,,,,,,,,,,,,
West Virginia,1998,40086.1,,,,,,,,,,,,,,,,,,,,,,,,,,,,,,,,,
West Virginia,1999,41831,,,,,,,,,,,,,,,,,,,,,,,,,,,,,,,,,
West Virginia,2000,42606.9,,,,,,,,,,,,,,,,,,,,,,,,,,,,,,,,,
West Virginia,2001,43977.6,,,,,,,,,,,,,,,,,,,,,,,,,,,,,,,,,
West Virginia,2002,45433.7,,,,,,,,,,,,,,,,,,,,,,,,,,,,,,,,,
West Virginia,2003,46667.9,,,,,,,,,,,,,,,,,,,,,,,,,,,,,,,,,
West Virginia,2004,49271.7,,,,,,,,,,,,,,,,,,,,,,,,,,,,,,,,,
West Virginia,2005,53259,,,,,,,,,,,,,,,,,,,,,,,,,,,,,,,,,
West Virginia,2006,56530,,,,,,,,,,,,,,,,,,,,,,,,,,,,,,,,,
West Virginia,2007,58635.8,,,,,,,,,,,,,,,,,,,,,,,,,,,,,,,,,
West Virginia,2008,62066.7,,,,,,,,,,,,,,,,,,,,,,,,,,,,,,,,,
West Virginia,2009,62957.8,,,,,,,,,,,,,,,,,,,,,,,,,,,,,,,,,
West Virginia,2010,65274.1,,,,,,,,,,,,,,,,,,,,,,,,,,,,,,,,,
West Virginia,2011,68524.9,,,,,,,,,,,,,,,,,,,,,,,,,,,,,,,,,
West Virginia,2012,69399,,,,,,,,,,,,,,,,,,,,,,,,,,,,,,,,,
West Virginia,2013,71037.6,,,,,,,,,,,,,,,,,,,,,,,,,,,,,,,,,
West Virginia,2014,71919.2,,,,,,,,,,,,,,,,,,,,,,,,,,,,,,,,,
West Virginia,2015,70281,,,,,,,,,,,,,,,,,,,,,,,,,,,,,,,,,
West Virginia,2016,69721.4,,,,,,,,,,,,,,,,,,,,,,,,,,,,,,,,,
West Virginia,2017,73162.9,,,,,,,,,,,,,,,,,,,,,,,,,,,,,,,,,
West Virginia,2018,77437.6,,,,,,,,,,,,,,,,,,,,,,,,,,,,,,,,,
Wisconsin,1990,100235.8,,,,,,,,,,,,,,,,,,,,,,,,,,,,,,,,,
Wisconsin,1991,104773.9,,,,,,,,,,,,,,,,,,,,,,,,,,,,,,,,,
Wisconsin,1992,112972.1,,,,,,,,,,,,,,,,,,,,,,,,,,,,,,,,,
Wisconsin,1993,120023.9,,,,,,,,,,,,,,,,,,,,,,,,,,,,,,,,,
Wisconsin,1994,129436.7,,,,,,,,,,,,,,,,,,,,,,,,,,,,,,,,,
Wisconsin,1995,135311.3,,,,,,,,,,,,,,,,,,,,,,,,,,,,,,,,,
Wisconsin,1996,143443.8,,,,,,,,,,,,,,,,,,,,,,,,,,,,,,,,,
Wisconsin,1997,151035.3,,,,,,,,,,,,,,,,,,,,,,,,,,,,,,,,,
Wisconsin,1998,162523,,,,,,,,,,,,,,,,,,,,,,,,,,,,,,,,,
Wisconsin,1999,172258.1,,,,,,,,,,,,,,,,,,,,,,,,,,,,,,,,,
Wisconsin,2000,180539,,,,,,,,,,,,,,,,,,,,,,,,,,,,,,,,,
Wisconsin,2001,187939.3,,,,,,,,,,,,,,,,,,,,,,,,,,,,,,,,,
Wisconsin,2002,194813.1,,,,,,,,,,,,,,,,,,,,,,,,,,,,,,,,,
Wisconsin,2003,203134.7,,,,,,,,,,,,,,,,,,,,,,,,,,,,,,,,,
Wisconsin,2004,215138.9,,,,,,,,,,,,,,,,,,,,,,,,,,,,,,,,,
Wisconsin,2005,225697.9,,,,,,,,,,,,,,,,,,,,,,,,,,,,,,,,,
Wisconsin,2006,235708.6,,,,,,,,,,,,,,,,,,,,,,,,,,,,,,,,,
Wisconsin,2007,243766.7,,,,,,,,,,,,,,,,,,,,,,,,,,,,,,,,,
Wisconsin,2008,244759.9,,,,,,,,,,,,,,,,,,,,,,,,,,,,,,,,,
Wisconsin,2009,245539,,,,,,,,,,,,,,,,,,,,,,,,,,,,,,,,,
Wisconsin,2010,254354.1,,,,,,,,,,,,,,,,,,,,,,,,,,,,,,,,,
Wisconsin,2011,263881.6,,,,,,,,,,,,,,,,,,,,,,,,,,,,,,,,,
Wisconsin,2012,274343.9,,,,,,,,,,,,,,,,,,,,,,,,,,,,,,,,,
Wisconsin,2013,282384.6,,,,,,,,,,,,,,,,,,,,,,,,,,,,,,,,,
Wisconsin,2014,293884.6,,,,,,,,,,,,,,,,,,,,,,,,,,,,,,,,,
Wisconsin,2015,305816.5,,,,,,,,,,,,,,,,,,,,,,,,,,,,,,,,,
Wisconsin,2016,313532.4,,,,,,,,,,,,,,,,,,,,,,,,,,,,,,,,,
Wisconsin,2017,321987.7,,,,,,,,,,,,,,,,,,,,,,,,,,,,,,,,,
Wisconsin,2018,336294,,,,,,,,,,,,,,,,,,,,,,,,,,,,,,,,,
Wyoming,1990,12705.5,,,,,,,,,,,,,,,,,,,,,,,,,,,,,,,,,
Wyoming,1991,12977.4,,,,,,,,,,,,,,,,,,,,,,,,,,,,,,,,,
Wyoming,1992,13178.7,,,,,,,,,,,,,,,,,,,,,,,,,,,,,,,,,
Wyoming,1993,13790.6,,,,,,,,,,,,,,,,,,,,,,,,,,,,,,,,,
Wyoming,1994,14070.4,,,,,,,,,,,,,,,,,,,,,,,,,,,,,,,,,
Wyoming,1995,14608.1,,,,,,,,,,,,,,,,,,,,,,,,,,,,,,,,,
Wyoming,1996,15752.2,,,,,,,,,,,,,,,,,,,,,,,,,,,,,,,,,
Wyoming,1997,16083.8,,,,,,,,,,,,,,,,,,,,,,,,,,,,,,,,,
Wyoming,1998,14928.2,,,,,,,,,,,,,,,,,,,,,,,,,,,,,,,,,
Wyoming,1999,15710.9,,,,,,,,,,,,,,,,,,,,,,,,,,,,,,,,,
Wyoming,2000,17205.4,,,,,,,,,,,,,,,,,,,,,,,,,,,,,,,,,
Wyoming,2001,18660.7,,,,,,,,,,,,,,,,,,,,,,,,,,,,,,,,,
Wyoming,2002,19115.6,,,,,,,,,,,,,,,,,,,,,,,,,,,,,,,,,
Wyoming,2003,21027.5,,,,,,,,,,,,,,,,,,,,,,,,,,,,,,,,,
Wyoming,2004,23186.7,,,,,,,,,,,,,,,,,,,,,,,,,,,,,,,,,
Wyoming,2005,27177.6,,,,,,,,,,,,,,,,,,,,,,,,,,,,,,,,,
Wyoming,2006,32405.1,,,,,,,,,,,,,,,,,,,,,,,,,,,,,,,,,
Wyoming,2007,36602.5,,,,,,,,,,,,,,,,,,,,,,,,,,,,,,,,,
Wyoming,2008,42540.4,,,,,,,,,,,,,,,,,,,,,,,,,,,,,,,,,
Wyoming,2009,36042.2,,,,,,,,,,,,,,,,,,,,,,,,,,,,,,,,,
Wyoming,2010,37401.2,,,,,,,,,,,,,,,,,,,,,,,,,,,,,,,,,
Wyoming,2011,39370.7,,,,,,,,,,,,,,,,,,,,,,,,,,,,,,,,,
Wyoming,2012,38431.7,,,,,,,,,,,,,,,,,,,,,,,,,,,,,,,,,
Wyoming,2013,38922.5,,,,,,,,,,,,,,,,,,,,,,,,,,,,,,,,,
Wyoming,2014,39436.1,,,,,,,,,,,,,,,,,,,,,,,,,,,,,,,,,
Wyoming,2015,37721.5,,,,,,,,,,,,,,,,,,,,,,,,,,,,,,,,,
Wyoming,2016,35740.3,,,,,,,,,,,,,,,,,,,,,,,,,,,,,,,,,
Wyoming,2017,37453.6,,,,,,,,,,,,,,,,,,,,,,,,,,,,,,,,,
Wyoming,2018,39118.5,,,,,,,,,,,,,,,,,,,,,,,,,,,,,,,,,